user_id,actual
1,[ 856942  865456 1132771  940947 1082212]
2,[ 916122 1106523  899624 1082185 5569230]
3,[1082185 1106523  979707 5569230 1044078]
6,[1082185 1024306 1098844 5569230  878996]
7,[1126899 1122358 1106523  866211 1082185]
8,[1106523 1029743 5569230  872137 5569471]
9,[1029743 1070820 1082185 5569230  871756]
10,[1082185  979707 1068719  845208 1081177]
13,[1029743 1132771  863885  838186  878996]
14,[1029743 1025611 1121384  933067 1122358]
15,[1106523 1098248 1082185 1026118 1029743]
16,[1082185  979707  845208 1068719 6034857]
18,[1082185  995965  880150  944486  819978]
19,[1029743 1044078  844179 1106523  916122]
20,[1075368 1126899 8090536 1068719  910109]
21,[1082185  979707 1068719  845208 1081177]
22,[1070820 1082185  825749  944836 5569374]
23,[1034176 1075368 1051468 1082185 1029743]
24,[1106523 1101010 1094308 5569230 1082185]
25,[1029743 5568378 1082185  885863  866211]
26,[ 896862 1082185 1029743  979707  845208]
27,[1102416  949965 1082185  979707  971922]
28,[ 916122  940947 6534030 1082185  979707]
29,[1082185 1029743  979707 1068719 1044078]
30,[1082185  979707 1068719  845208 1081177]
31,[1055504 1126899 1004906  909714 8290421]
32,[ 878996 1082185 1068719 5569471  901062]
33,[1106523 1082185  979707  986912 1068719]
34,[1082185  979707 1068719  845208 1081177]
35,[1082185 1029743  986912  979707 5568378]
36,[1029743 1024306  863885  969568  865705]
37,[1097001 1067695  916990 1082185 5574377]
39,[1126899 1082185 1104343  835098  857503]
40,[6034857 1128240  880150 1055504 1104343]
41,[ 865705  909714 5585510  913210 1126899]
42,[6602697 1082185  839656  946839  916122]
43,[1082185 1029743  933835  965766  979707]
46,[1029743  866211 1082185  899624  857503]
47,[1082185 5569230  979707 1068719 1044078]
49,[5569471 1070820  839243 1126899 1027168]
50,[1082185  979707 1068719  845208 1081177]
51,[ 880427 1028995  965766 1070272 1082185]
52,[1106523  972665  878996 1074754  904997]
53,[5569471  999858 1087102 6034857 1082185]
55,[1082185  871756 1128240  979707 1024306]
56,[5569230 1126899  979707 1137775 1082185]
57,[1106523  986912 1082185 7139529  829852]
58,[ 979707 1070820 1082185 5569230 5569471]
59,[6034857 1082185  899624 1056509 1106523]
62,[1082185  979707 1068719  845208 1081177]
63,[1082185  979707 1068719  845208 1081177]
64,[1131344 1106523 1013928 1074333 1093413]
65,[1070820 1082185 1075368 1029743  979707]
67,[ 933835 5569230 5569471 1029743 1098844]
68,[1029743 1004906 1106523  916122 1068719]
69,[1106523 1004906 1044188  899624 1059902]
70,[1082185  979707 1068719  845208 1081177]
71,[ 1056509 12302069  1082185   899624   979707]
72,[ 865705  839243 1005274 8090521 1070820]
75,[1082185  979707 1068719  845208 1081177]
77,[1126899 1106523  899624  948670  916122]
78,[1082185  952972  835098  979707 1106523]
79,[5569230 1070820  878996  883932  999858]
80,[1082185 1055504 1029743  844179 1132771]
81,[1093413 1029743  971922 1082185 1127758]
82,[ 847573 1082185  863447 5569230 1000753]
83,[1082185  979707 1068719  899624  845208]
84,[1082185  885290  979707 1068719 5569471]
85,[1082185  897954 1075368  986912 1004906]
86,[ 865026  854852  878996 1082185 1029743]
87,[1048257 1082185  979707 1068719  845208]
88,[1029743  843464 1044078 1082990 1075368]
90,[1082185  979707  845208 1081177 6034857]
91,[1029743 1082185  979707  916122 1068719]
92,[12946027  1127758   845208   871061  1082185]
94,[1082185  979707 1068719 1044078  845208]
95,[ 1029743   983584   899624  8090521 12810391]
97,[ 979707 1075368 6034857 1082185 1021116]
98,[1082185 1053754  979707 1068719 1115175]
99,[ 916993  845208 5568378 6034857  916122]
100,[1082185 1029743  979707  857503 1068719]
101,[5569230 5569845 5569471 1044078 1082185]
103,[1106523 1082185  986912  979707 1029743]
104,[ 844179 5569230 1098844 5569471 1029743]
105,[ 1004906   999858  1082185 12810393   948650]
106,[5569230 8090509 6034857  916122 8090521]
107,[1082185  979707 1068719  845208 5569230]
109,[12731436   880150  1046756  8290421  1082185]
110,[1044078 1082185  871756 1135476  979707]
111,[1106523 1082185  863447  899624  909268]
112,[9527159 1082185 1070820  979707 5569471]
113,[ 976199 1070820  878996  999104  899624]
114,[ 1029743   916122  5568489 10344585   948670]
115,[1106523  983584  963971  913210  845208]
116,[5569230 5569471 1104343 1082185 5569374]
117,[1082185  948670 1041796  979707 1126899]
118,[1082185  893018 1006184  909268  859191]
119,[1082185 1002850 6514160  979707  957951]
121,[1082185 8090537 1029743  979707  845208]
122,[ 940947 1082185 5569230  916122  883932]
123,[1029743 1044078 1056509  916122 1082185]
124,[ 957063  892531 1082185 1106523 1004906]
125,[1029743  834117 5585510  934399 5591083]
126,[1004906 1082185  979707 1029743 1068719]
127,[1029743 1106523  854852 1075368  899624]
128,[1082185 1098248 1029743  866211  901062]
131,[ 979707 1044078 1068719  899624 1082185]
132,[1126899  999198  854852  878996 1050851]
133,[6534035 1082185 1029743  845208  865456]
134,[1029743  865456  913210 1101010 1106523]
135,[1082185  979707 1068719  845208 1081177]
136,[1106523 8090537 1082185 1070702  937292]
138,[1098844 5592610 5569230  979707 5587656]
139,[1082185  866211  979707  948086 1126899]
140,[1082185 1106523  979707 1068719  845208]
141,[1082185  854852  866211  979707 1068719]
142,[1082212 5569327  990797 1082185  965766]
143,[12731714   883068  1106523  8065410  1082185]
146,[1082185 1029743  979707 1081177  845208]
151,[ 872137  916122 1082185  976199 6602697]
153,[ 897954 1082185  979707  916122 1068719]
156,[1051323 1000753 5569230 1106523 1070820]
157,[1083446 1082185 1027168 1093413 1126899]
158,[1082185 1128240  979707  999858  845208]
159,[ 846823 1004906 1082185 1012587 1131344]
160,[1087102 1135834 1101010 1070820 1082185]
161,[ 957063 5568378 1075368  844179  963971]
162,[1070820 1122358 6034857  964521  998444]
164,[1106523  894439 1082185 1029743  957736]
166,[1029743 1106523  933835 1082185 1101010]
167,[1082185  979707 1068719  845208 5569230]
168,[1082185  979707 1068719  845208 1029743]
169,[1075368 1082185  979707 1068719  845208]
171,[1044078 1029743 1004906 1082185  979707]
172,[5569230  823704 1082185  979707  965842]
174,[1082185 1106523  866211  979707 1068719]
178,[1106523  827656 1040807 7168026 1051211]
183,[1106523  878996 1082185 5568378  983584]
184,[ 896085 9835509 1082185  998444  891961]
185,[1029743 5569230 9245106  838186  844179]
187,[1082185 1106523 5569230  979707 1068719]
188,[1082185 1106523  979707 1068719  845208]
190,[1082185  979707 1029743 1068719  845208]
191,[1082185  979707 1068719  845208 1081177]
192,[1029743 5569230 9245106 1082212 1002850]
193,[1029743 1106523 8090537  957736  979707]
194,[1051468 1106523  845208  951412 1082185]
195,[1062128  947201 1070702 1062002 1082185]
196,[1082185 1106523  893018 5569230 1070702]
197,[ 963835 1126899  856252 1082185  838186]
198,[1106523 1029743 1068719 5569230  899624]
199,[1082185  979707 1068719  863447  845208]
200,[ 823990 1082185  979707 1068719 5568378]
201,[6034857 1138292 5569327  838186 1082185]
202,[1082185 1029743  979707 1068719 1106523]
203,[1082185  979707 1068719 1082990  845208]
204,[1070820 1082185  979707 1068719  845208]
205,[1106523 1082185 1051516 1072523 1026118]
208,[ 865456 1070820 1055425  965766  979707]
209,[1029743 1068719 5569327 1101010  899624]
210,[1051516 6034857  944534  910473  999779]
211,[ 945662 1082185  998444 1006878 1051211]
212,[1082185 8090521 1044078  952972 1101706]
213,[1082185  979707 1068719  845208 1106523]
214,[1019643  901062 1055425  999104 1082185]
215,[  985999 12810393  1082185   916993   854852]
216,[6533936 1082185  885863 1040807 1008547]
217,[  986912 12731714   916122   976199  1029743]
218,[ 894439 1029743 1115175 1097001  878715]
219,[1082185  866211 1127831 1024306 1135476]
220,[1029743 1082185  839419  848319  979707]
221,[1082185 1040807 1043751 1018740  819978]
222,[ 878996  999779  866211 1094308  993638]
224,[1029743  841220 1082185 1106523  899624]
225,[1082185 1029743  979707 1068719  845208]
226,[5569327  866211 1082185 1029743 5569230]
227,[1082185  979707 1068719  890695  845208]
228,[1082185 5569471  979707 1068719  885290]
230,[1029743  913210  844179 8090537 1004906]
232,[ 913210 1082185 1029743  845208  919534]
233,[1082185  979707 1068719  845208 1081177]
235,[1070820  961979  983584 1125278 1121384]
236,[ 849202 1082185 1126899 1029743 1075368]
239,[1106523 1044078 1081177  937292 1082185]
240,[1082185 1106523  979707 1068719  845208]
241,[1082185  979707 1068719 5569230  845208]
242,[1082185  854852 1081177 1106523 1029743]
243,[6034857 1126899  901062  866211  909714]
244,[ 834117 1004906 1082185  913210 5568378]
245,[1132771 1044078 1082185 1029743  979707]
246,[1082185 1070820 1029743 1106523 1082212]
247,[ 986912  901062 8090537 1076056 1000753]
248,[1126899 1029743  883003 5568378 1082185]
249,[1029743 1106523  965766 1044078  916122]
250,[1029743 7441210 5568378  910473 1056509]
251,[ 916122  965693  848029 1040807  852856]
252,[1082185  979707 1068719  845208 1081177]
253,[1106523 5568378 1051211 1044078 1042438]
254,[1082185  979707 1068719  845208  990797]
256,[5568378  948670 1082212 1043494  965766]
257,[1106523 1093413  819978 1082185  957063]
258,[1048257 1044078  866211 6034857 1082185]
259,[1082185 8090537  940947  979707 1068719]
260,[1082185  979707 1070820 1068719  845208]
262,[1132771 1040807 1082185  971922  866211]
263,[1029743 1044078  940947 1081177 1026118]
264,[1082185  979707 1076056  990797 1127831]
265,[1082185 1106523 1068719  845208  979707]
266,[1104349 1126899  854405 1082185  913210]
267,[1082185  979707 1068719  845208 1106523]
268,[1082185  979707 1068719  845208 1081177]
269,[ 845208  863447 1082185  823990  979707]
270,[1082185  986912  979707 1068719  947201]
271,[1082185 1126899  986912  979707 1068719]
273,[1106523 5569230  865456 6534480 1044078]
274,[1082185  979707 1068719  993638  845208]
275,[1106523  880150  854852  863447  990797]
276,[ 1075368   944534   940947 12810391  1082185]
278,[1082185 5568378  979707 6034857 1068719]
280,[1106523  916122 1044078 1135258  999270]
281,[ 854852 1070820 1082185  999104  979707]
282,[ 979707  916122 1082185 1123022 1029743]
283,[5569471 5568729  940947  916122 1108094]
284,[1082185  979707 1068719  845208 1029743]
285,[ 899624  944534 1106523  844179 5585510]
286,[1082185  979707 1068719 1055504 6034857]
287,[1029743 5569230 5568729  998119 1128240]
288,[1082185 1070820 1026118 1098844 1092303]
289,[1104343 1082185 1051468 1048257  998444]
290,[1029743 1013928 1068719  899624 1012587]
291,[ 989069 1082185 1106523 1122358  979707]
292,[1106523 1082185  979707  913210 1068719]
294,[1106523 1029743  844179 1082185  861279]
297,[ 1029743   907631  1044078 12648296  5568378]
300,[ 1106523 12302069   944534  1082185   916122]
301,[1024306  856252 6464086  819978  874972]
302,[ 892531 1082185 1027168  998119 5569327]
303,[1098844 1098248 1004906 1040807 5585510]
304,[1082185 1029743 1106523 1042438 5585510]
305,[8090532 1082185 8090521 1055425  979707]
306,[6034857 1101010  933835  834117  871061]
307,[ 897954  961979 1082185 1128240 1135258]
308,[5569230  862010  887102  963835 1043787]
311,[1106523 1029743 1082185  916122  979707]
312,[1082185  916122  979707  844179  999858]
314,[1082185  844179  995965  893018 1053754]
316,[1044078 1122358  999270 1131344  844179]
317,[1082185 1029743 1115576  983584  885863]
318,[5569230 1106523 1082185 1044078  979707]
321,[1056509 1082185 1126899  986912 1004906]
322,[ 854852  859427 1082185 1070820  976199]
323,[1082185  979707 1068719 1126899  845208]
324,[1098844  901062 5569230 1082185 5569374]
325,[5569230  885863 1082185 5569845  976199]
326,[8090521 8090537 1037840 1013928 1082185]
327,[1082185  979707 1068719 1106523  845208]
328,[1070820  885290  979707 1022254  878996]
329,[1029743  854852  944836  878996  901062]
330,[1082185 1004906  916122 1067695  979707]
331,[1082185 1029743 5569230 1106523  979707]
332,[1029743 1082185  838186 1044078  839243]
333,[1082185 1106523  899624  979707 1004906]
334,[1082185 1056509  854852  845208 1106523]
338,[ 1026118  1082185  1106523  1004906 12301109]
339,[1106523 1082185 1044078  979707 1068719]
342,[1029743 1082185 1070820 1106523 1044078]
343,[ 872137 1082185  937292  979707 1068719]
345,[1068719 1029743 5569230 6602697  976199]
346,[1029743 1101010  866211  819978 1082185]
347,[1082185  979707 1068719  845208 1029743]
348,[1029743 1056509 1044188  845208  899624]
349,[ 907099 1082185 1029743  979707 1068719]
350,[1044078  883003 1087102  986912 1082185]
351,[1082185 1106523  894439  899624  865456]
353,[1082185 5569374  866211  944139  896862]
354,[ 849202 1056509 1097001 5591170  880150]
356,[1029743  834117 1082185 1106523 1075368]
357,[1126899 1122358  916122  880150  866755]
358,[5569230 1106523 5568489 1044078 5569327]
360,[1082185  979707 1068719  845208 5568378]
361,[5569230  933835 1082212 1044078 1101010]
362,[ 1082185 12731714   986912   993638  1022254]
364,[1082185 1106523 1029743  979707  899624]
365,[1082185 1062128 1132771  986912 1062002]
366,[12810422  1082185   979707  1068719  1044078]
367,[1070820 6533936  823775  833724  934399]
369,[ 1082185  1126899   979707 12810422  1068719]
371,[6533936  916122  907631 1029743 6034857]
373,[1082185  979707 1068719 1106523  845208]
374,[1029743 1108094 1026118  835098  990797]
375,[1082185  979707 1068719  845208 1081177]
376,[1044078  937292  965766  999858  896862]
377,[1082185 1029743 1126899  899624 1044078]
378,[ 944534  948670  916990 1082185  874972]
380,[1106523 1082185 1004906  899624 1013928]
381,[1075368 1081177 1082185 1051323 1034176]
382,[1082185  979707 1029743 1068719  845208]
383,[1126899  944836 1082185 8293447 1098844]
384,[1029743 1075368 1004906  854852 1055504]
385,[6034857  878715  854852  857503  933835]
386,[1106523 1083787 5568378 1082185 9836106]
387,[1126899 6602729 1082185 1137775  916122]
388,[1029743 1082185  979707 1068719  845208]
389,[ 1082185  1126899 10344585  8090536   845208]
390,[1029743 5569230 1082185  993638  979707]
392,[ 963835 1051468  940947 1022254  951412]
393,[1013928 1082185  899624 1106523 1029743]
394,[ 901062 1082185 1029743 1106523  979707]
395,[1082185 1070820  979707  845208 1029743]
396,[1126899  866211 1082185 1075368 6034857]
397,[1126899 1029743  933835  914577  892573]
398,[1022097 1082185 1029743 1122358 5981072]
400,[1029743 5567702 8090536 1082185  944534]
401,[ 986912 1127758  965766 1022254 1070272]
402,[  819978  1082185   883003  1106523 12171656]
404,[1092588 1082185  979707  845208 1068719]
405,[ 1101010   948670   916122 12301100  5569845]
406,[1082185 1070820 1029743  979707 1068719]
407,[1082185 1037840  979707  983584 1068719]
409,[1070820  979707 1098248 5569471  831628]
410,[ 844179 1029743 1044078  948650 1082185]
411,[1082185 1050851 1029743  825994  896862]
412,[1082185 1005274 1068719  845208 1022254]
413,[1106523 1082185 5569230 1038985  986912]
414,[  940947 12301109  1082185  1004906   979707]
415,[1082185  979707 1068719  845208 1081177]
417,[ 976199 1029743  844179  903800 1127831]
418,[1029743 1098844  899624  901062 1135834]
420,[1082185  979707 1068719  845208  916122]
421,[1068719  976199 1126899  896613 1082185]
425,[1070820  913210  843464  969568  871756]
426,[ 854852  972665 6034857 1082185 1098248]
427,[1029743 1082185 1102416 1075368  979707]
429,[1082185 1029743 1056509  979707 1068719]
430,[1106523 1029743 5569230 1070845 8090537]
432,[1029743 5569230 1044078 1004906  916122]
433,[1106523 1082185  896613 1122358 6034857]
434,[1068719  919534 1127758 1102067  895166]
435,[5569230 5569471 1082185  979707 1068719]
437,[ 948670 1082185  835098  944534  839419]
438,[  917033  1016800 12810391 10149640   926905]
441,[ 1038985   933835 12810393  6602729  1082185]
442,[1126899  835098 1082185 6034857 1068719]
443,[1081177 1082185  899624 1106523  979707]
446,[1082185  979707 1068719  845208 1081177]
447,[1029743 1082185  979707 5569327 1041796]
449,[1082185  979707 1068719  845208 1081177]
450,[1093413  933835 1082185 1029743  986912]
451,[1044078  844179  916122  934639 1029743]
454,[5569230 1029743 5591083 1106523 6463742]
457,[1029743 1051323 1082185 1050851 1106523]
458,[12810391  5569230  1082185  1044078   965766]
459,[ 986912  885290 1082185  979707 1068719]
460,[1082185 1068719 1135476  979707 6034857]
461,[1050851 1004906  897954 1082185  899624]
462,[ 1082185  1137775  1022254 12731714  6034857]
463,[ 1082185  1106523 12811532 12810393  1055504]
464,[1082185 5569374 1029743  937292 1056509]
466,[1025611 1082185  979707  845208 1081177]
467,[1106523 1029743 1081177 1082185  899624]
468,[1106523 1082185 1029743 1098284  878996]
469,[5569230  916122  901062  849202 8273833]
470,[1082185  979707 1068719  845208  899624]
471,[5569230 1022254 1082185 1106523 8090509]
474,[1068719  831628 1082185 1029743 1106523]
477,[1068719 1029743 1082185 1126899  979707]
478,[1082185  979707 1068719  845208 1081177]
479,[ 986912  910032 1082185  979707 1037840]
480,[ 854754 1004906 5569374  857503 1127831]
482,[1082185  999779 1029743 1106523 1044078]
483,[1082185  947858 1106523  979707  909714]
484,[1050851 1082185  910473 1029743  901062]
485,[1029743 1083787  972665  957736 5569471]
487,[1082185  979707 1068719  845208 1081177]
489,[ 986912 1082185 1019247 1022254  862010]
491,[1056509 6533936 1055504 1082185  951412]
493,[1029743  936355  948086  839656 8090539]
495,[ 1029743   913210 12810391  1082185  1106523]
497,[1029743 8293447  976199 1082185 1070820]
502,[1082185  979707 1029743  845208 1106523]
503,[1070820 5569230 1119405  901062 8090536]
505,[1082185  979707 1068719  845208 1081177]
506,[1082185  979707 1068719  845208  834117]
507,[1014948 1082185  979707 1126899 1068719]
508,[1101010 1025611 1082185 1044078 5569230]
510,[ 1019643  1070820 12301109   852856   844179]
511,[1029743  844179 5569230 1081177  999779]
513,[1093413  865026  844179 1018740  999714]
514,[ 878996  866211  909714  908318 1062002]
515,[1106523 1082185 1004906  979707 5569230]
516,[1082185  979707  845208 1081177 6034857]
517,[1126899 1081177  878715 1082185 1098844]
518,[ 844179 1137775  979707 1060408 1082185]
520,[ 913210  979707  845208 1068719 6034857]
521,[1026118 1106523 1082185 1126899 1029743]
523,[1082185  968072  940947  852856  902094]
524,[1082185 1029743 1106523 1098248  979707]
525,[1082185  979707 1068719  845208 1104343]
526,[5569230  834117  913210 8090521 1082185]
527,[  933835 12988031   912704  1051211  1082185]
531,[1082185 1029743  979707 1068719  845208]
533,[1082185 5569230 1029743 1106523  979707]
534,[1082185 1068719  979707  909714  986912]
537,[1082185 1126899  979707 1068719  845208]
538,[1098844  906838 1070820 5568378 9296919]
539,[ 856252  878715 1006184 1082185  979707]
540,[ 916122 1068719 1000237 6602729  859427]
542,[1106523 1082990 1082185  865456  999858]
543,[8090521 8090537 1082185 1070702  979707]
544,[1082185  979707 1068719  845208 1081177]
545,[ 986912 1082185 1055504 1040807  880427]
547,[1082185  979707 1106523 1029743 1068719]
548,[1082185  979707 1104343  957063 6034857]
550,[1029743  854852  835098 5585510 1082185]
552,[1044078  863885  907631  985999  916122]
553,[1029743  849202 1106523  832678 1082185]
554,[1106523 1070272 8090537 1070820  892531]
556,[1082185  979707 1068719 1029743 1055504]
557,[1082185 1126899  979707 1068719 5569471]
558,[ 1106523   933067   883932   999858 12301839]
560,[1029743  899624  843464  863885  999104]
562,[ 965842  916122 1029743 1074333  854405]
563,[1075368 1029743 1082185 5569230  913210]
564,[1082185  979707 1068719  845208 1028995]
566,[1082185 1106523 1029743  986912  979707]
567,[ 986912  930666  844179  839419 8090509]
568,[1106523 1038663 5585510 1083787 1127758]
569,[1082185 1098844 1068719  979707 1112238]
570,[1082185 1029743  979707 5569230  914577]
574,[1029743  983584 8090521 5569374  916122]
575,[1106523 5569230 1070820  976199  979707]
576,[1082185  965766 6034857  979707  986912]
577,[1056509  872137  979707  999104 1127831]
578,[8090521  865705 1082185 8273833  859427]
579,[1082185  979707 1068719  845208 1081177]
580,[1056509 1041796 1082185 1122358  979707]
581,[5569230 8177622 5569471  976199 1126899]
582,[1082185 1026118  848319 5569230 1098844]
583,[1082185 5569230  933835  965766  979707]
586,[1029743 1004906  916122 1068719  907631]
587,[1082185  979707 1068719  845208 1081177]
588,[1106523  933835 5569327 5569230  951197]
590,[5569230 1029743 1004906 6463775  947858]
591,[ 933067  854852 1106523 9245106  916122]
593,[1106523 1082185  979707 1068719  845208]
594,[1029743 1106523 1082185 1122358  899624]
595,[1029743 1082185 1106523 1004906 1068719]
596,[1106523 1068719 8090521 8090537  899624]
598,[1106523 1068719 1004906 1082185  872137]
600,[1046587 1070702  916122  863447 1021324]
602,[1029743 1021116  944139 1027168 5587656]
603,[1082185 1106523  979707 1029743 1068719]
604,[ 914577  901776 5569374 1082185 1029743]
605,[1126899 1106523 1082185 1055425  859427]
606,[1029743  845208  916122  838186 1082185]
608,[7442008  907631 1082185 1106523  885290]
609,[1082185 1044078  979707 1106523  845208]
610,[1082185  979707 1068719  878996  845208]
611,[ 1029743  8177622  1082185 12648296  6534030]
612,[1029743 5568378  913210  871061 1042438]
613,[1082185  957063  979707 1068719  893018]
614,[1029743  965766 5568378  844179 1067695]
615,[ 971922 1082185  979707 1068719  845208]
617,[1128016 1082185 1070820 1126899  979707]
618,[1106523 1037840 1029743  899624  949294]
621,[  844179  1137775  1082185 13506200  1068719]
622,[1106523  986912  844179 1065538 1082185]
623,[1082185 1068719  979707  909714 1029743]
624,[1106523 1044078  844179  916122  880150]
630,[  916122  1070820   899624  1082185 12810391]
631,[5569230  979707 1082185  965842 1022254]
632,[1029743 1082185 8090537 1070820  979707]
633,[ 8090537  1075368 12988031 12302069  1006184]
636,[1029743 1082185 5592610 5981074 1076056]
637,[1037840 1035676 1043494 5569327 1106523]
638,[1029743  916122 1004906  919534 7139529]
640,[1082185 1106523  899624  983584 5569230]
641,[1070820 1126899  916993  999858 1104349]
643,[6534035 1082185 1029743  854405  979707]
644,[1082185  834117  848319 1005274 1022254]
647,[1029743  933835 8090536 8090537  819978]
648,[ 854852 1026118  839419 1082185 1081177]
650,[1082185  979707 1068719  845208 1081177]
652,[ 832678  830503 1067695 1051211 1082185]
653,[ 979707 1126899 1037840  854852  899624]
654,[1034176 1082185  979707  834117 1068719]
655,[1029743 1106523 5569230 1044078  865456]
658,[1082185 1029743  979707 1044078  845208]
659,[ 925862 5569845 1082185  979707 1068719]
660,[1126899  862010  916122 1043787  982790]
661,[5569230  986912 1044078  899624 1082185]
662,[1070272 1082185 1029743 5569230  913210]
663,[1082185 5569230  945662 1029743 1106523]
665,[1082185 1029743  979707 1068719  845208]
666,[1082185  957063 1070845 1044078  979707]
667,[1092303 1082185  845208  979707 1068719]
668,[5569471 1082185  979707 1068719  845208]
669,[1082185 1126899 8090532  951412  880427]
670,[ 885863 1082185  971922 1029743  933835]
671,[1029743 1056509  879504 8090521 1082185]
672,[ 899624 8090532  839243 6533608 8090537]
673,[1082185 1106523 1029743  979707  845208]
674,[1081177  878996 1044078 1122358  908318]
675,[1106523 1121384  910673 1022254 1082185]
676,[1106523 5569230  926905  917033 1044078]
680,[1082185  844179 6034857  859427  979707]
681,[ 856252  890695  850102 1082185  882604]
684,[1082185 1106523  979707 1068719  845208]
685,[1015539 6534077  916122  880150  899624]
687,[1029743  916122 1106523 6534035  965766]
690,[ 835098 1029743  976199 1082185 1037840]
691,[1082185  916122  834117 5569471  979707]
692,[1019643 1135834 1004436 1104343 1082185]
693,[1029743 1044188 1104349 1082185 1070820]
694,[1037840  844179 1082185 1029743 1106523]
695,[1029743 1082185  899624  878996  995965]
696,[1082185 1126899  878996  983584 5569845]
697,[1082185 1070820  916122  866211 1104343]
698,[1106523 1082185 1029743 1044078  979707]
699,[1029743  899624 5568378  865456  823775]
700,[1106523  944139 1029743 5568378 1021116]
701,[5569230  866211 5569374  854852 8065410]
702,[1029743 1106523 1056509  865456  916122]
703,[ 901776  946995 5582712 1041796  860248]
705,[1029743 1082185 1126899 1106523  979707]
706,[1070820  976199  835098 1082185 5569471]
707,[1029743 5569471 1121384  844179 1044078]
708,[1029743  845208  916122 1092303 1082185]
709,[1106523 1029743 1075368 5569230  933835]
710,[ 1106523  1068719 12301100  1082185  5569230]
711,[1037840 1082185 1026118  979707  845208]
712,[1070820 1056509 5568378 5569374  921504]
713,[1075368 5569230 5569471 1082185  979707]
714,[1082185 1126899 1029743  899624  944534]
715,[  885863  1081177  1106523   819978 12946027]
716,[1082185  979707 1076056 1126899 1022254]
717,[1082185  979707 1068719  845208 1081177]
718,[ 916122  845208  844179  896085 1082185]
719,[ 933835 1106523 1040807  819978 1082185]
720,[ 863447 1082185  979707 1068719  845208]
721,[1126899 1082185  979707 1068719  845208]
722,[1106523  845208  857503  866211 1126899]
723,[ 1082212 12810393   995965   909268   878996]
725,[5568378  899624  957063  879504 5569327]
726,[ 880427 1082185  979707  995965 1068719]
727,[1106523  846823  944534  916122  999779]
728,[1029743 1106523 1082185  899624  976199]
729,[1082185  979707 1068719  845208 1081177]
730,[1126899  960732 1082185 1122358  979707]
731,[1082185 1018007 1068719  979707  986912]
733,[5569471 1082185  999779  979707  866211]
734,[1055504 1082185  979707 1068719  845208]
735,[1082185 1106523 1072523 1041796  979707]
736,[1029743  830503 1082185  979707 1070820]
740,[ 845208  976199  878996 6034857 1135476]
741,[1106523  976199  845208  899624 1082185]
742,[1106523 1082185 5569230  933835  979707]
743,[1082185  979707 1068719  845208 1106523]
744,[1082185  899624 6034857 1056509  883003]
745,[ 933835 1026118 1046816  957063  901062]
747,[5569845 1082185  979707 1068719 5569230]
748,[1082185  845208  865456  979707  893018]
749,[1082185  979707 1068719 1029743  845208]
750,[ 866211 1082185  979707 1106523 1068719]
752,[ 1082185  1098844 12810422  1100972  1106523]
753,[1029743 1126899 1075368 1070820 1009187]
754,[1126899  901062 1082185  866211 1062002]
755,[ 1082185  1100972  1137775 10149640   979707]
757,[5569471  947201 1082185 5569230 1044078]
759,[ 906844 5568447 1082185  979707 1068719]
761,[1106523 1029743 1082185 5569230 1115576]
762,[5569471  986912 1082185 8290421  901062]
764,[1029743 1082185  965766  878996 1106523]
766,[ 916990  848319 1082185  901062 1135476]
767,[ 868548 1102067 1071342 1082185 1070820]
768,[1029743  834117  845208  913210 1081177]
769,[1106523  999858 8293447 1082185 1029743]
770,[1082185 1068719  979707 6034857  986912]
771,[1081177 6034857  933067  979707  933835]
773,[  938300   909714  1082185   979707 10344585]
776,[ 1082185 12810393  1029743  5568378  1106523]
777,[6533608 1070820 1028891 1046816  863447]
779,[ 976199 5567702  916122  882604  832678]
781,[ 910673 1046816  854405 1082185 1092303]
784,[5569230 1082185 1029743  979707  856252]
786,[ 972665 5569230  989069 1065538 1106523]
787,[5569230  934399  957736  999104 1075214]
788,[1029743 1044078 1106523 5568378 1004906]
789,[1082185  979707 1068719  845208 6034857]
790,[1082185  979707  845208 1068719 6034857]
793,[8090539 1082185 1029743  976199  872137]
794,[1126899  857503 1051211 1082185 1029743]
795,[1043751 1028995  910032 1082185 1029743]
796,[1082185  979707 1068719  846823  845208]
798,[6534030 1082185 1126899  979707 1068719]
799,[1082185 1126899  979707 1068719  916122]
800,[9677236 1029743 1104343 5569230 5568378]
801,[9245106 1082185 1029743 1126899  979707]
802,[1082185  983584 1004906 1104343  979707]
803,[5569230 1082185  861279  965766  979707]
804,[1013928  957063 1101010 1029743 1082185]
805,[1029743 5568378  899624  916122  979707]
806,[1029743 1082185 5569471 1038985 5590613]
807,[ 6034857  1126899  1029743  1024306 12810393]
808,[1029743 1082185 1016800 1100972  963835]
810,[ 993638 1082185  979707 1068719 1024306]
811,[1029743 1082185  979707  916122 1068719]
813,[ 834117 1082185 1051468  845208  979707]
814,[ 825365  907631 1082185  979707 6034857]
816,[1075368 1082185  979707 6034857  916122]
817,[1121384 1060408 1082185 1070820  834826]
818,[6602697 1029743 6602729  964521 1082185]
820,[8090509 1082185 1106523 1081177 1070820]
822,[  937292   940947 12301109  1082185  1029743]
823,[6534480 6534077 6534035 1082185 1103105]
824,[1106523 1082185  979707 1068719  845208]
825,[ 1082185   979707   976199  6034857 12731436]
826,[1037840 1082185  979707 1068719  845208]
829,[1082185 1137775 1132771 1018740  882604]
830,[1106523 1082185 1029743 5569230  899624]
831,[ 916122  856252  844179 1069003  957736]
836,[1082185 1126899  916993  854852  979707]
837,[1082185  901062  979707 1068719 1126899]
840,[ 916122 1029743 1068719 1112238 1087102]
841,[1044078  916122  874972 1128240 1082185]
842,[1029743 1106523  916122 5569327  844179]
844,[1082185 1026118 1051468 1135476 1127831]
845,[8090537  825994 1126899  906838 1082185]
846,[ 890695  829291 1082185 1029743 9296919]
847,[1062128 1041796 1005274  963835  946839]
848,[1038985 1041796 1044078 1070820  878996]
850,[1106523  823990 1082185  979707  834117]
852,[1070820 1082185 1062128 1024306 1106523]
853,[6602729 1082990  951412 1005274  961979]
854,[5568378 1123842 1027168 1082185  979707]
855,[ 963868 1029743 5569230  986912 1083446]
856,[ 1068719  1029743   944534 12946027   990797]
857,[1071342 5569230 8090537 1082185 1040807]
858,[1070820 1082185 5569230  979707 1068719]
859,[1075368 5569230 1029743  844179 1132771]
861,[1072523 1082185  979707 1068719  845208]
862,[1082185 1029743 1044078  933835  880150]
863,[1029743  916122  863447 1082185  844179]
864,[1029743 1101010 5568378  899624 8090521]
865,[1106523  899624  844179 1075368  838186]
866,[1106523 1082185  844179 1044078  863447]
867,[1075368 5569230  983584 1082185 5569471]
868,[1029743 1070820 1082185  834117  912704]
869,[1044078 1082185  979707  880150 1068719]
871,[1029743 1082185 5563693  880150  854754]
875,[1082185  979707  845208 1068719  837270]
876,[ 916122 1122358 1082185 1098284 1126899]
877,[1126899 1055504  871061  925862 1082185]
878,[1106523  986912  846823  834117  907631]
879,[ 1082185  1101010   904997 12301839   979707]
880,[1082185  979707 1068719  845208 1081177]
881,[ 890695 1029743 1051211 1082185  990797]
882,[ 844179 1137775 1043751 1132771  899624]
883,[1082185 8090440 1051516 1029743  951412]
884,[1082185 1106523 1029743  979707 1068719]
885,[1082185 1106523 5568378  866211 1038663]
886,[1070820 1082185 1106523 1029743  979707]
887,[1082185  979707 1068719  845208 1081177]
888,[916122 845208 856252 901062 933835]
889,[1126899 1019643  880427  916993  947201]
891,[1106523  937292  995965  866211 1027168]
893,[1019643 1106523  872137  895295 5592610]
894,[1082185 1068719  979707 1106523 1029743]
895,[ 866211 1082185  907099  995965 5568489]
897,[1082185 1029743  979707 1068719 1070820]
898,[ 848319 1092303  845208  829852 1026118]
900,[ 986912 5569230  976199 1068719  885863]
903,[1070820 1082185 1005274 1126899  979707]
904,[1106523 1082185  979707 1068719  845208]
906,[ 910673 1082185  979707 1126899 5568378]
907,[ 986912 1092588  961979  985999 1082185]
908,[1082185  916122  971922 1106523 1022254]
909,[ 1014948  1082185   976199  1068719 12301109]
911,[ 1082185   979707  1126899 10344585  1055425]
913,[10344585  1070820   834117   995965   859154]
914,[ 986912 1029743 1082185 1068719  965766]
915,[ 880150  845208 1068719 1082185  965766]
916,[ 913210  916122 1082185 1106523 1029743]
919,[1106523 1029743 1081177 1082185  979707]
920,[1106523 1082185 1097001 1081177  999779]
922,[1082185 1126899 1068719  979707  909714]
924,[1029743  829001 6534035 1082185  916122]
926,[1138443 1082185 1101706 1087102 1062002]
927,[1082185  979707 1068719  916122  845208]
928,[1115175 1082185 1029743  979707 1068719]
929,[1070820  986912  854852 1044078 8090521]
930,[1082185  883932  979707 1068719  845208]
931,[1126899  913210 1029743 1040807 1082185]
934,[1029743  899624 1106523  913210  933835]
935,[1082185 1126899  979707 1068719  845208]
936,[1106523 1029743 5569230  899624 9245106]
937,[1126899  995965 1021116 6034857 1082185]
939,[  896085  1029743  1102416  1106523 12811532]
940,[1082185  979707 1068719  845208 1050851]
941,[5567702 9677236 1082185  979707  916122]
942,[1015539 1029743  946995 1082185  899624]
943,[1106523 1082185  899624  979707 5569230]
944,[1132771 1101010 1029743  866211 1127831]
946,[1082185 1068719 1093413 1100972  944534]
947,[1082185  979707 1024306  845208 1022254]
949,[1029743 8090537 8090521 6034857 5568378]
951,[1029743 1082185 5569230  844179  979707]
952,[1082185 1029743 1075368  979707 1068719]
953,[1029743  999104  914318  870547 1123022]
954,[1082185  979707 1068719  845208 1081177]
955,[5568378 1041796 1082185 1068719 1106523]
956,[1029743  986912 1070820  899624 1081177]
957,[1082185  979707  844179  845208 1029743]
959,[1106523  899624 1082185 1004906  979707]
960,[1082185  979707  944137 1081177 1060408]
961,[1082185  916122 1002771 1006184 1070820]
964,[8090537 8090521 1106523  909714  871061]
965,[12301100  1082185  9836106   979707   944534]
967,[1082185  979707 1068719  845208 1081177]
968,[1044078 1029743  916122  983584 1070702]
969,[1082185  979707 1068719  845208 1029743]
971,[1075368 6602697  866211  819978 1082185]
972,[ 832678 1082185  982790  951197  916122]
973,[  878996 12731436  1042438   866211   854852]
974,[1082185  979707  844179 1068719 1029743]
975,[5569471 5569327 1098248  995965  944836]
976,[1082185 5569230 1127831 1029743  933835]
978,[1106523 1070820  844179  916122  878996]
979,[1082185 6391381  878996 1029743 5568378]
981,[1082185  979707  845208 5569327 5568378]
982,[1082185 5563693 5569230 1005456 1075368]
983,[1029743 1075368  965766 1044078  865456]
984,[1082185 1106523  979707 1068719 1029743]
985,[1029743  854405  891961 1082185  899624]
986,[8090440 1082185  916122 1029743 1068719]
987,[ 986912  916122 1065538 1137775  819978]
988,[1070820 1044188 1102067 1082185 1106523]
989,[1029743  899624  916122  854852 1122358]
991,[1082185  979707 1068719  845208 1081177]
992,[1082185 1068719  979707  909714  845208]
993,[1101010 1082185 1056509 5569471 8090539]
996,[1081177  948670  835098 1082185  823990]
997,[1070820 1019247 1137346 1082185  892531]
998,[1082185  899624 1000753 8065410  982790]
999,[ 983584 1029743 5585510 1082185 5569230]
1000,[ 986912  854852  896085 6034857 1082185]
1001,[12301109  1082185   910109  1135834   979707]
1003,[1082185 1070820  979707  845208  919534]
1004,[1029743 1050851 1082185  999779  946839]
1005,[12301100  1044078   937292  9296919  1119761]
1007,[1082185 1029743 5569327  979707 1068719]
1008,[ 910473 1082185 5569230  979707 1068719]
1010,[1127831 1058404  971922 1082185  940947]
1011,[ 944836  825749 1082185 1029743 1126899]
1012,[1082185 1070820  979707 1068719  845208]
1014,[1104343 1029743  976199 5569327  948670]
1015,[6602697  913210  916993 1082185  912704]
1018,[1075368 1070820 8090521 1082185  936355]
1019,[1106523 1026118 1082185 5569230  979707]
1020,[1070820 1029743  916122  899624  844179]
1021,[1082185  852856  979707 1029743 6034857]
1023,[ 963835 1062128 5570882 1019643  919423]
1024,[1106523 5568378  908318  917816  847573]
1025,[1106523 5568378 1029743 8090521 8090537]
1027,[1082185 1101010 1051323  899624  830503]
1029,[  885290  1048257 12731436  1126899   903800]
1030,[ 986912 1082185 1070820  979707 1068719]
1034,[1082185 1126899  979707 1068719  845208]
1038,[1082185  910673 1106523  979707 1068719]
1039,[ 972665  835098 1121393 1044078 1074754]
1040,[1075368 1126899  916122 1082185 5569471]
1041,[1029743 1106523 1038663 1044188 1044078]
1042,[ 916122 1082185 1121384 1044078  906838]
1043,[1082185  979707 1068719  845208 1081177]
1045,[1029743 1082185 5569327 1043751  907631]
1046,[1126899 6034857  866871 1071342 1082185]
1047,[ 844179  899624 1082185 1044078 1029743]
1050,[1106523  965842 1044078  899624 1081177]
1051,[ 921504 1137775 1029743 1082185  979707]
1053,[ 979707 1082185  916993 1005456 1062002]
1057,[  892531  8090532   916990 12171656  6034857]
1058,[1044078 5568378 1106523  883003 1082185]
1060,[1082185  979707 1068719  845208  919534]
1061,[1106523 1127758  899624 1068719 1093413]
1062,[ 957736 1082185  844179 1068719  845208]
1064,[ 854405 1070820  909714 1138443 1082185]
1066,[ 944534  924352 1016800  834826 1082185]
1067,[1126899 1029743 1082185  907631  916122]
1068,[1025611 1059902  986912  999779 1082185]
1069,[1029743  844179  989069  999858  904129]
1070,[1082185  983584 6533936 1123842  859191]
1071,[1082185 1029743  979707  986912 1068719]
1073,[ 965766  916122 7441210  862010  829001]
1074,[ 1029743 10344585   865456   965766   854754]
1075,[ 1029743   999270 10149640  1082185  1106523]
1076,[1075368 1082185 1089954 1038663  865456]
1077,[ 937292 5569230  972665  879504  870547]
1078,[1082185 1126899 1106523 1026118 1098844]
1080,[ 8090537  1068719  1106523  5568729 12384775]
1081,[1106523  899624  916122 5569230 1029743]
1082,[1106523  863447 1082185 1050851 1068719]
1083,[1082185  999270  896862 1029743  979707]
1084,[1082185  934639 1068292 1068719  979707]
1085,[1106523 1029743 8293447 5568729 1070702]
1086,[  854852 12731714  1138443  1082185   971922]
1087,[1106523 1072523 1081177  899624  823990]
1088,[1068719 1082185 1106523  844179  979707]
1089,[1138292 1029743  999779 1068292 1082185]
1090,[1082185  979707 1068719  845208 6034857]
1091,[ 1029743   879504  1082185 12302069   965766]
1092,[1082185 5569230  979707 1068719  845208]
1093,[1082185 1029743 1106523  845208  983584]
1094,[1029743  933835 5568378 1051323  976199]
1096,[ 999250 1082185 1106523 1026118  979707]
1097,[1106523 8090440 5585510  878996 1082185]
1098,[5585510 1029743  899624  856252 1102416]
1100,[1082185  979707 1068719  845208 1081177]
1102,[1044078  865456  866211 1082185 1029743]
1103,[1126899 1082185 1051211  946995 1029743]
1104,[ 986912 7442008 1082185 6602697  885290]
1105,[1082185  979707 1068719  845208 1081177]
1106,[1082185  979707 1068719  845208 1081177]
1108,[1082185 1029743  979707 1068719  845208]
1109,[1070820 1115576 1105917  899624  948670]
1110,[ 947858 1070820  948650 1082185  825343]
1111,[1106523 1082185 1029743  854852 1004906]
1112,[1075368 5569471  979707 1068719 1082185]
1113,[1029743  845208 1082185  909714 1126899]
1114,[1082185  979707 1029743 1068719  845208]
1115,[1082185  979707 1068719  845208 1081177]
1117,[1106523 1029743 5569230 1081177 1082185]
1119,[1029743 1035676  844179 1082185 1044078]
1120,[1082185 1029743 1044078 1004906  916122]
1121,[ 966684 1082185 1070820 1106523 1029743]
1123,[1126899 1098844  845208 5568378 5569230]
1124,[1082185 1106523 5569230  979707 1068719]
1127,[1082185  979707 1068719 1029743  845208]
1128,[1082185 1106523 1029743  979707 1027168]
1129,[1126899 1082185 1070820 1029743  979707]
1130,[1082185  979707 6034857  845208 1068292]
1131,[1029743 1075368  982469 1044078 1082185]
1132,[1025611 1106523 1044078 1004906  933067]
1133,[1135476 1122358 1082185 1029743 1106523]
1134,[1070820  948670  857503  901062 5585510]
1135,[1082185 1029743  979707  845208 1068719]
1136,[1106523  999779 5569230  907631 1082185]
1137,[  914318   885290  1082185 12301405   934639]
1138,[1015539 1082185 1106523  933835  965766]
1139,[1082185  885290  979707 1068719  845208]
1141,[1082185 1029743 1044078  979707 1056509]
1142,[1067695  878715  908318  995965 6034857]
1145,[1082185 1106523  916122  944139 1029743]
1146,[1029743 1106523  854852 1131344  933067]
1147,[1106523 1016800 5585510 6034857 1068719]
1149,[1026118 1082185  979707 1068719  845208]
1151,[1122358 6602697  870547 1082185  845208]
1152,[1029743 1082185  979707 1068719  845208]
1154,[1106523 1081177 1082185  983584 1068719]
1155,[1106523  878996  917033 1016800 1082185]
1157,[1070820 1082185 1004906  916122  965766]
1158,[1106523 1044078 8090521 1101010 1042544]
1159,[1082185 8090532 1068719 6534030  965766]
1160,[1106523 1068719 5568378 1044078 1082185]
1161,[8090537 1082185 1126899 1106523 1070820]
1163,[1029743 1082185  899624 1056509 1044078]
1164,[1070820  901062 1080853 1082185 1029743]
1166,[1029743 1082185  843464  899624 1068719]
1167,[1082185 1070820 1082212  895295 1062002]
1168,[ 983584 1082185  979707  916993 1068719]
1169,[1106523  913210 1138443  846823  883003]
1171,[1082185  979707 1068719  845208 1081177]
1172,[1122358 1029743  976199  979707 1075368]
1174,[1106523  976199 1068719 1082185 9836106]
1175,[1098844  907099 1028891 1082185  916122]
1176,[1082185  979707 1068719  845208 1081177]
1178,[ 916122 1004906  880150  847573 1082185]
1179,[1132771 1024306  944534 5568378 1056509]
1180,[1038985 1029743 5590613  846823  863447]
1182,[1106523 1044078  899624 1082185  999779]
1183,[1082185  979707 1068719  845208 1044078]
1185,[1106523  899624 1083787 1059902  844179]
1186,[1098844  903800  854852 1070820 6034857]
1187,[1106523 1044078 1068719  910673 1025611]
1188,[1106523 1044078 1082185 1068719  979707]
1189,[1106523 1068292 1082185 1026118  979707]
1190,[1029743 1082185 1068719 5568378  979707]
1191,[5569230 1071342 1081177  890695  865528]
1192,[1082185  979707  845208 6034857 1068719]
1193,[1106523 1013928 1068719 1082185  916122]
1194,[1106523 1044078 5592610 1000753 1082185]
1195,[1075368 1082185 1029743  979707 1068719]
1196,[ 854852 1070820  878996  857503  892531]
1197,[8090532  979707  865456 1132771 8090521]
1198,[1082185  979707 1068719  845208 6034857]
1201,[1082185 1056509 1029743  979707 5569230]
1202,[1082185 1072523  979707 1068719 8293447]
1203,[ 1106523 12302069   910673   916122  1044078]
1204,[1097001 1082185 1106523 1029743 1037840]
1205,[1029743 5569230  999779  893018  999714]
1206,[ 1029743  1044078  1132771  1128240 12301109]
1207,[1082185  979707 1068719 1037840  845208]
1208,[1044078  866211 1082185  979707 1068719]
1209,[1082185  979707 1068719  845208 1081177]
1210,[1082185  979707 1068719  845208 1081177]
1211,[ 972143  879504 8065410 5585510  836445]
1214,[1082185  979707 1068719  845208 1081177]
1216,[5569230  946995 1009187 1082185 5569471]
1217,[1029743 1075368 1056509 1004906 5981074]
1218,[1070820  916122  961979 1026118  901062]
1219,[1082185 1027168 1093413 1044188 5578547]
1221,[1029743 1082185  979707 1068719  845208]
1222,[1106523 5569230  933835 5569845 1044078]
1223,[1029743 8090521 5568378 1021324  999198]
1224,[1068719 1103105 1029743 1082185 5569471]
1225,[1029743  999779 1082185 1106523  937292]
1226,[1082185 1070820 5568378 1098844 1106523]
1227,[1082185  979707 1068719  845208 1081177]
1228,[1022254  866211 1068719 5569471 1106523]
1229,[ 965842  979707 5569230  845208  835098]
1230,[1082185  979707 1068719 1082990  845208]
1231,[1082185 1029743 1070820  916993  979707]
1234,[  844179   965842 13506200  1082185   871756]
1236,[5569230 1037840 1081177 6034857  965766]
1238,[ 979707 1082185 1106523 1068719 1029743]
1240,[ 913210 1070820  834117 1081177  854852]
1241,[ 969568 1082185 1029743 1050851  979707]
1242,[1082185  979707 1068719  845208  916122]
1245,[ 834117  913210  835300  951412 1082185]
1246,[1126899 1108094 1082185 1029743  878715]
1247,[1029743 1126899  921504 1040807  899624]
1248,[1106523  863885  866755  971922  883932]
1249,[1082185  979707 1068719  845208 1081177]
1252,[1082185  979707 1068719  916122  845208]
1255,[1082185 6534077  979707 1068719  856252]
1256,[979707 986912 854852 878996 965842]
1257,[1082185  979707  845208 1068719 6034857]
1258,[12946027  5569471  1082185  1110218   883932]
1259,[ 916993 6533608 1082185 1101010  945662]
1260,[ 945662  833724 1051516  869177  901666]
1261,[1055504 1082185 1106523 1070820  979707]
1262,[1082185  979707 1068719 1029743  845208]
1263,[ 866211 1082185 1029743 6602697 1068719]
1264,[1106523 1029743  916990 1042907 1082185]
1265,[1082185  879504 1042544 5568378  865705]
1266,[  899624   863447  1082185 12810391   965766]
1267,[ 1082185   916122 12171656  1098844   979707]
1269,[1070820 1029743  899624 1082185 1106523]
1270,[1082185 1106523 1026118  910032  899624]
1271,[1029743  878996  835098 6034857 6533936]
1272,[6034857  854852  865456  856252  916122]
1274,[ 879504 1070820 8090521 8090537 6534030]
1277,[1106523  916122  866211 8090521  990797]
1278,[1082185 1106523 1029743  979707 5569230]
1279,[1106523  965766  854852 1004906  845208]
1280,[1082185  979707 1068719  845208 1081177]
1281,[1131344 1082185  979707 1068719  845208]
1282,[ 845208 1068719 5585510  899624 1081177]
1283,[1082185  979707 1068719 1044078  845208]
1284,[ 899624  893018  999779 1004906 1044078]
1285,[5569230 1106523  916122 1035676  946995]
1287,[1042438  965766  854852  872137  880150]
1288,[1081177  897954 1082185  916122 1106523]
1289,[ 5569230  1029743 10344585  1082185   990797]
1290,[1082185  979707 1068719  845208 1081177]
1291,[ 976199 1044078 1081177 1106523  872137]
1293,[1044078  844179 1004906  944534  883003]
1294,[1126899  878996 1027168  991223  913210]
1295,[1029743  893018 1072523 1082185  874972]
1296,[ 880150  908318 1082185 1042438  982790]
1297,[1082185 1026118  854852  848319 1106523]
1298,[ 1004906  1082185   899624  1029743 12648296]
1299,[1029743 1106523 8090521  916122 1082185]
1300,[1055504 1104343 1106523  976199 1044078]
1303,[1029743  906844 1081177  966684  878996]
1304,[1029743 1106523  871611 1082185  979707]
1305,[5569230 1106523 1021116  944139 1104349]
1306,[12301839  1068719   883003  1082185  7166861]
1307,[ 854852 1119405 1082185  979707 1068719]
1310,[1082185  979707 1068719  845208 1082990]
1312,[1112238 1082185 1029743 5569230 1068719]
1313,[1082185  979707  910032 1029743 1068719]
1314,[1029743 1102416  976199 1089954 1022097]
1316,[5568378 1029743  982790  896862  960732]
1317,[1029743 5568489 1138292 5568378 1082185]
1318,[1082185  925862  951412  854852 1022097]
1319,[ 916122 1082185 1029743  831628  979707]
1321,[ 1106523   880150   893018 12810393   883068]
1325,[ 837270 1098844 6602697 1044759 1082185]
1326,[1029743 1081177 5568378  844179  899624]
1328,[1029743 1132771 1083787  895166 1006184]
1329,[  841220   947858  1082185 12810391   986912]
1330,[ 856252 1101010 5569230  819978  910032]
1331,[1029743  845208 9677236 1082185 1044759]
1332,[1062128  996028 1082185  866211  832678]
1333,[1126899 1022097 1082185 1115175  990797]
1334,[1082185  979707 1068719  845208 1044078]
1335,[1082185  979707 1068719  845208 1081177]
1336,[1082185  916122  979707 1132771  835098]
1337,[ 976199  854852 1083446 1029743  916993]
1338,[1106523  989069 1082185  899624  979707]
1340,[1082185  979707  999858 1068719  845208]
1342,[1082185  979707 1068719  845208 1081177]
1343,[1082185  979707 1068719  845208 1029743]
1344,[1082185 1029743 1068719  845208  945662]
1346,[1082185 1082212  979707  859427 1068719]
1347,[1037840  849202  951412 1082185 1029743]
1350,[1029743 1106523 9835903  965766 1131344]
1351,[1082185 1029743  979707 1068719 1106523]
1352,[  976199  1004906  1082185 10149640  6602697]
1353,[8090521 8090537 1068719 1137775 1050851]
1354,[1082185 9527159 1100972 1068719  845208]
1355,[1082185  979707 1068719  845208 1081177]
1356,[1070820 5569230 1082185  901776  856252]
1357,[5569471 5569230 1082185 8090521  979707]
1358,[1029743 5569230 8090509 5568378 5568489]
1359,[ 916122  883003 1029743 6463742 1082185]
1360,[1082185  979707 1068719  845208 1081177]
1361,[1082185  979707 1068719  845208  972665]
1362,[7168026  878996 1082185  979707 1068719]
1363,[ 979707  933835 1082212 5569230  964521]
1364,[1082185 1029743  854852 1070820  999250]
1366,[1101010  901062 1087102  854405 1082185]
1367,[1070820 1126899 1048257  972665 5569230]
1368,[1070820  963835 5569471 5568447  944137]
1369,[1126899 1082185  916122 1068719 1026118]
1370,[1106523 5563693 8090521 8090539  965766]
1373,[5585510 1082185 5569230 5569845  979707]
1374,[1106523 1004906  944534  961979  999250]
1375,[1082185  916122  839243  976199  899624]
1376,[1029743  899624 1034176 8090537 1004906]
1378,[5585510  909268 1044759 1082185 1097001]
1379,[1029743  899624 1013928  843464  937292]
1380,[1082185  979707 1068719 1029743  845208]
1381,[1082185  979707 1068719 1106523  845208]
1382,[1082185  834117 8090532 1029743  913210]
1383,[8293447 1034176 1082185 8177622  979707]
1384,[1004906  880150  999270  985999  916122]
1385,[1106523 1029743 1042544  972143 1131344]
1387,[ 944534  844179 1105917  878996 1082185]
1388,[1082185 5570383  948086  963835 9296919]
1389,[1082185  871756 6034857  999714 1104343]
1390,[1029743 5569230  831628  999858  844179]
1391,[1106523 1082185 6034857  916993 1004906]
1393,[1051516 1126899  901062 1082185 6034857]
1394,[6034857 1082185 9677236  940947 1106523]
1395,[ 880427  906844 1126899 1082185 6533608]
1397,[1106523 1029743 1085983  944534  880150]
1398,[1082185  979707 1068719  845208 1081177]
1399,[6034857 1082185  979707 1068719  845208]
1401,[1044078 1082185  878996  999250  979707]
1402,[1106523  937292 1082185 1004906  965766]
1403,[1082185 1070820  979707 1075368  845208]
1405,[ 893018 5569471 1029743  844179 1082185]
1406,[1082185 1029743 1138443  899624  982790]
1408,[1029743 1082185  979707 1068719 1106523]
1409,[ 5569230 12302069   863447   913210  8090513]
1410,[1029743  874972  847573 1082185 1106523]
1412,[ 885290 1029743  965766 5570383 8090539]
1413,[1082185  979707 1068719  845208 1081177]
1414,[1126899 1082185  979707 1068719  845208]
1417,[  913210 13506200  1082185  1106523 12810391]
1418,[6463775 1082185 1016800 1068719  848319]
1419,[5568378 1094308 5585701 6463742 5591170]
1421,[5569230  844179 1029743 8090521  944534]
1423,[1068719  965766 1056509  916122  979707]
1425,[1101010 1029743 8090537 8090521 5569230]
1426,[ 919534 1082185 8090537 8090521 1082990]
1427,[1046587 1082185 1029743  979707 1068719]
1428,[1029743  844179  899624  913210  976199]
1429,[1082185 1068719  979707  909714  845208]
1430,[1029743 1126899 1040807  885290  906844]
1431,[ 916122 5569230 1021324  998119 1082185]
1434,[1075368 1037840 5569230  839419 1082185]
1437,[1044078  893018 1081177 1044759  924352]
1440,[1106523  916122  899624 1101010  989069]
1443,[ 906844 1082185  979707 1093413 1081177]
1445,[6034857 1044078 1029743  916122 1004906]
1447,[1082185  979707 1068719  845208 1081177]
1450,[ 979707 1082185  845208 5569230  899624]
1451,[1082185  999779 1044078 1070820 1029743]
1452,[1106523 1029743 1013928 1082185  979707]
1453,[ 1092588  1043787  9242918  1062128 12171656]
1454,[1082185 1029743  976199 1108094 6034857]
1457,[ 910673 1106523 1044078 1022254  893018]
1458,[ 976199  845208  863447  844179 1004906]
1459,[ 5569230  1044078   844179 12262830  9296919]
1461,[1082185  844179 1029743  940947 5569230]
1462,[ 916122 1070702  890695 1062002  885290]
1463,[ 986912 1082185 1106523 1038663 1075368]
1464,[ 916122  870547 1082185 1029743 5568378]
1465,[1082185  933835  916122  979707 1068719]
1466,[1082185  979707  854852 1126899 1068719]
1467,[  986912  5569327  1042438 12648296  1082185]
1470,[1070820 1029743 5590613  998119 1082185]
1471,[1082185  979707 1068719  845208 1081177]
1473,[1126899 5568729  949294  866211 1098844]
1474,[1037840 1106523 5568378 1082185  844179]
1475,[1048257 1056509  865456  916122 1070820]
1476,[1046816  907099 5570383 1115576 1092303]
1479,[1029743 5568378  986912 1106523 1103105]
1480,[1082185  979707 1068719  845208 1081177]
1481,[ 910673 8090537  885290  971922  827656]
1483,[5569230  971922  874972 1044078 1070820]
1484,[ 845208 1004906 1098844  919534 1082185]
1485,[1106523 1082185  878715  953561  979707]
1487,[5569230  940947 1075368  832678 8090509]
1488,[1126899 1082185 5569471 5568378 5569327]
1489,[1029743 5569230  856252  910473  849202]
1490,[ 863447  916122 1042438  944139  874972]
1491,[1106523  854852 1082185  844179  901062]
1492,[1082185 1044078 1068719  845208 1022254]
1493,[8090521 1082185 1106523  979707 1051323]
1494,[1068719 1082185 1004906 1044078  836445]
1495,[ 908318 1082185  934639 1081177  979707]
1499,[ 908318 1082185  937292  930666  910032]
1500,[1082185 1044078  979707 1068719  845208]
1501,[1082185 1070820  856252  872137 1062128]
1502,[1082185 1070820  979707 1068719  845208]
1506,[ 1004906  1044078 12301100   952972  1082185]
1507,[1106523 1068719  899624 1122358  936355]
1508,[1126899 1122358 6034857  951412 1082185]
1509,[1029743  926905 1016800  903800  872137]
1510,[ 986912 5569230  901062 1005456 5569471]
1511,[ 916122 1106523 5569230  933835  907631]
1512,[1082185 1029743  979707 1068719 1106523]
1513,[ 1082185  1029743 12262830   940947   979707]
1514,[1126899  924352 1121393 1006184 1027168]
1515,[1082185 1029743 5569230  916122  979707]
1517,[1070820 1044078  844179 1137775 1132771]
1518,[ 874972 1082185 1106523 1029743  844179]
1519,[1070820 5569230  854754  878715 6034857]
1520,[1029743 1008547  896862 1082185  899624]
1521,[ 944534 1082185  979707 1068719  940947]
1523,[1082185 1029743 1126899  979707 1068719]
1524,[1126899 1082185 1068719  979707  909714]
1525,[1029743 1068719  866211  845208  893018]
1526,[ 986912  865026 1082185  999858  916122]
1527,[1082185 1029743  829852 5569230  872137]
1528,[1029743 1075368  894439  983584 1082185]
1529,[ 1106523  1082185   844179 12810393  1029743]
1530,[ 938300 1082185  907099 1029743 1081177]
1531,[1082185  979707 1126899 1044078  845208]
1532,[6534030 5569471 1082185  914318 6534035]
1533,[1082185  979707 1068719  845208 6034857]
1534,[1070820 1082185 1021116  999198 1004436]
1535,[ 1106523   844179 12810393  5568378  5569327]
1536,[1029743  919534  916990 6534035 1082185]
1537,[1082185 1098248 1029743 9296919  979707]
1539,[1082185  979707 1068719  845208 1081177]
1540,[5568378  838186 1082185 1106523 5569327]
1541,[ 1029743   901062  1098248 12731436   901666]
1542,[1082185 1029743 1106523 1004906  979707]
1543,[1043494 1082185 1029743 5569230  899624]
1545,[1106523 8090521  990797 1082185  871756]
1546,[1068719  907631 1029743  838186 1132771]
1547,[1082185  979707 5569471 1068719  845208]
1548,[ 856252 1029743  965842  907631  835098]
1549,[ 986912 1122358 1082185 1019247 1029743]
1550,[1082185 1106523  979707 1068719 1044078]
1552,[1029743  944836 1004906 1082185  878996]
1553,[1082185  979707 1068719  845208  899624]
1555,[1029743 1082185  986912 1106523  979707]
1556,[1082185 1068719 1044078  916122  854852]
1557,[1106523 1082185  916122  979707 5568378]
1558,[ 944137  948086 1082185  979707  916122]
1559,[ 916122  946995  933835 1026118  823704]
1560,[1029743  916122 1121384  823704 1082185]
1563,[1126899 1070820 1048257  952972 1106271]
1564,[ 1082185   979707  1068719 12262978   845208]
1566,[ 979707 8293447  976199 8273833  837270]
1567,[1082185 1026118 1051516 1098248  835300]
1568,[1106523 1050851 1104343  899624  916122]
1569,[1029743 1044078  878996  866211  999779]
1570,[1082185 1029743 1068719 1044078  965842]
1571,[1082185 1070820  979707 1068719  845208]
1572,[ 1126899  1082185  1005274  9835509 12301073]
1575,[ 901062 1022254 1070820  878996 1119405]
1576,[1029743 1082185  979707 1068719  845208]
1577,[1029743 6533608  823721  997796 1082185]
1578,[1029743  916122  839243  931255 1082185]
1579,[ 856252  916122 1127831 1029743  948670]
1580,[1029743  934639 1082185  946839 1081177]
1581,[1029743 5569471  916122 1082185  995478]
1584,[ 865705 1106523 1029743 1028891  901062]
1585,[1082185  854852 5568729 5569471  995478]
1587,[ 899624 1029743 1082185  979707 1068719]
1588,[6602697  979707 1082185  916122  866211]
1590,[6391381 1055425 6533608  944836 1028891]
1591,[1070820  896085  854852  916993 1000237]
1592,[1082185  979707 1068719  845208  895295]
1593,[1082185 1029743 1068719 5569471  845208]
1594,[1106523 1068719 5590613 1082185 1101010]
1595,[ 971922  933835 1038985 1137775 1082185]
1596,[ 901776  832678 1046816 1058404 1082185]
1598,[5569230 1068719  916122 1029743  844179]
1599,[1127758  904997  944534 1068719  982469]
1600,[1082185  979707 1068719  845208 1081177]
1602,[1029743 1082185 1070820 1126899 6391381]
1604,[ 832678 1051211  944486 1082185  979707]
1607,[5569471 5569845 5569230 6534030 8090509]
1608,[1106523 1026118  863447  909714 1082185]
1609,[1127831 1082185  865705  916122 1029743]
1611,[1082185 1029743  979707 1068719 1026118]
1612,[1029743 1126899 1070820  854852  866211]
1614,[1082185 1068719  845208 1081177 6034857]
1618,[1082185  971922 1006184 1138443  972665]
1619,[1075368 1005456 5563693 6391381  963868]
1620,[1106523 5569230 9245106  899624 5587656]
1621,[1106523 1042544  885863  933835 1099089]
1622,[1029743 1062002 1022254 1082185 8090532]
1623,[7442008 1106523  883932 1044078 1068719]
1624,[1082185 5569230  986912 1026118 5569845]
1627,[1029743 1082185  845208 1127758  880427]
1628,[1082185 1106523  979707 1068719  845208]
1630,[ 865026 1098284  948670 1106523 5570383]
1631,[9296919  844179 1044078 5569327 1029743]
1632,[1070820 8090440 1082185 6034857  979707]
1633,[1029743  916122 1101010 1093413 1135834]
1634,[1029743 1044078 5569327  944836 1082185]
1636,[1082185  979707 1068719  845208 1081177]
1637,[1082185  979707 1068719  845208 1126899]
1638,[1004906 1138443 1082185 1126899  916122]
1640,[ 957063 1082185 1106523  979707 1068719]
1641,[1126899  944137 1082185  979707 1068719]
1642,[1106523  845208 1070820 1082185 1029743]
1643,[1082185  979707 1068719  896085 1106523]
1644,[1082185  979707 1068719 1029743  845208]
1645,[1082185  979707 1068719  845208 1081177]
1646,[1082185 1029743 1126899  979707 1068719]
1647,[1082185  979707 1068719  845208 1081177]
1648,[ 931255 1082185  933835  965766  979707]
1649,[1082185  854852  866211  916122 6391381]
1650,[ 854852 1082185  866211  944137  979707]
1651,[6034857  995478 1082185 1104343  845208]
1652,[1034176 1029743 1082185  979707 1068719]
1653,[ 1029743   933835   971922   865456 12810391]
1654,[1082185  979707 1106523 5569230 1068719]
1657,[ 957063 1082185 1106523  979707  845208]
1658,[  885290  1006184   916122 12301100  1082185]
1659,[1106523 1029743 6034857  854852  866211]
1660,[1082185  866211 1029743  979707 1068719]
1662,[ 916122 1104349 1098844 1082185 1126899]
1663,[1082185 1029743  979707 1068719 1070820]
1664,[1068719 1070820 1044078  899624  870547]
1665,[1082185  986912  979707 1019247 1068719]
1666,[1082185  983584  893018 1029743  916122]
1668,[1106523 1082185 1068719  979707  946839]
1669,[1082185 1126899  979707 1068719  845208]
1672,[1029743 1044078  852856 1082185 1106523]
1673,[ 948650 1082185 1106523 1029743 5569230]
1676,[ 907099  845208 1046816 1006878 1082185]
1677,[ 885290 5568378 1029743 9835509 1004906]
1680,[ 916122 1053754 1082185 5569471 1068719]
1683,[5569471 1070820 1082185  979707 1068719]
1684,[1106523 1082185  899624  979707 1068719]
1685,[1029743 1005274 1082185 1106523 5569230]
1686,[ 825365  986912 1082185 1106523 1068719]
1687,[1055504  899624  832678 1101706 1082185]
1688,[1029743 1070702 1082185 1044078 5569230]
1689,[1029743 1082185 1133254 1000753  979707]
1690,[ 907631  863447  832678 1082185 1043494]
1692,[1082185  823704 1029743 1106523  883003]
1693,[1126899  899624  901062  985999 1027168]
1694,[ 990797  845208  835098 8090537 8090521]
1695,[1029743 1082185  979707 1038985  845208]
1696,[1082185 1070820  938300 1029743 1126899]
1697,[1029743 1044078  926905 1016800 1082185]
1698,[ 866211  907631  930118 1082185  899624]
1699,[ 993638  874972 1082185  901062 6034857]
1700,[  844179 12810393 12301100  1082185  5568378]
1701,[1082185  979707 1029743 1068719  845208]
1703,[1106523  986912 5590613  972143  871756]
1704,[1082185  979707 1068719  845208 1081177]
1705,[1082185 1044078  979707 1068719  916122]
1706,[ 860248 1082185  979707 1068719  845208]
1707,[1029743 9677236 5569230 1137346 1082185]
1708,[ 1029743  5569230 12648296   865528 12731714]
1709,[1082185 7166861 1068719 1029743  979707]
1710,[1082185 1106523 1029743 1126899 8090440]
1712,[1082185  979707  845208 1081177 6034857]
1713,[1082185  986912  979707 1115576 1068719]
1715,[1082185  979707 1068719 1126899  845208]
1716,[1082185  979707 1068719  845208 1081177]
1717,[1029743  899624  848319  833724 1055425]
1718,[1082185 1106523 1029743 1070820  979707]
1719,[1103105 1106523 1029743  865456  844179]
1720,[1070820  933835  916122  834117 5568729]
1721,[1082185  979707 1068719  845208 1081177]
1722,[1051516 8293447 1126899 1098248 8273833]
1723,[1098844 1022254 1106523 1018740 1040807]
1724,[1104343  854852  878996 1106523 1082185]
1726,[1029743 1126899  963835  865456 6391381]
1728,[ 823775 1126899  926905 9296919 1082185]
1729,[1082185 1106523 1029743  979707 1068719]
1730,[1082185 5569230  979707 5569471 5569845]
1731,[1126899 1106523 1018740  828106 1135258]
1732,[1029743  976199 1082185 1106523  907631]
1733,[ 986912  894439  847573 1025611 1082185]
1734,[1082185 1075368  979707 1068719 1026118]
1735,[ 1082990 12810391   907099  5591083  9836106]
1737,[ 901062 1082185  979707 1068719  845208]
1738,[5569471  819978 1082185 1040807 1044078]
1739,[5568378 1082185 1106523  979707 1068719]
1740,[ 1075368   854754  1112238 12946027  1056509]
1742,[12811532   846823  1082185  1098284   986912]
1743,[1082185 1106523 1029743  979707 1068719]
1745,[1082185 1051323  845208  916122  865456]
1747,[ 963971  831628 1082185  907631  999779]
1748,[1106523 5590613 1044078 1028995  916122]
1749,[1029743  934399  878715 1131488 1135834]
1750,[ 1082185   979707 12810393  1068719   986912]
1751,[1082990 1070820 5569230  825365 1050851]
1752,[1044078  907631 5569327  936355  910673]
1753,[1082185 1067695 1106523  979707  909714]
1754,[1068292  835300 5585510  831628 1029743]
1755,[12171656  1082185  5585510   979707  1093413]
1756,[1082185 1126899  979707 1068719 1044078]
1758,[1132771 1126899  899624 1055504 7441210]
1759,[5590613 1126899  844179  819978 1082185]
1760,[1038985 1029743  983584  906838 5592610]
1761,[1044078 1082185 1106523  979707 1068719]
1762,[1082185 1029743  983584  976199 1056509]
1763,[1037840 1106523 1075368  979707 1082185]
1764,[1126899 1075368 1024306  972665  976199]
1765,[1070820 1082185 1043494 1029743 1068719]
1766,[1082185  979707 1068719  845208 1081177]
1767,[1029743 1106523 1044078  863447  899624]
1768,[  899624 12946027   999858  1082185  5569374]
1769,[ 1029743  1127758 12731436  5563693   872137]
1770,[1029743  854852 1082185 1081177  979707]
1773,[ 916122 5569471  913210 1082185 1070820]
1774,[ 1106523  1029743  1087102 12731714   965766]
1775,[1082185 1121384 5569471  940947  866211]
1776,[5569230  901666 1004906  913210  878996]
1778,[ 1029743  1128240 12810393  9245106   825343]
1779,[1082185 1070820 1051516  979707 1135476]
1780,[1106523 1082185  979707 1068719  845208]
1781,[1004906  930118 1082185 1106523 1029743]
1783,[5569471 1029743 8177622  916122 5585510]
1784,[1126899  916122  979707 1019247  998119]
1785,[1126899 1055504 1082185  933835 1068719]
1787,[1082185 1029743 1106523  979707 1068719]
1788,[ 909714  979707 1051516 1062002  951412]
1789,[1082185  979707 1068719  845208 1081177]
1790,[1082185  913210  945662 1004906  834826]
1791,[5569230 1082185  916122  910673  844179]
1792,[1075368 1106523 5569230  839656 5582712]
1793,[1082185 1029743  979707  901062  845208]
1794,[1106523  866211 1027168 1127831 1082185]
1795,[ 986912 1070820 1050851  914318  823721]
1796,[1029743 1106523 1037840  965766  838186]
1797,[ 854852 1082185 9245106  839243 6034857]
1798,[1029743  916122  866211 1128240  999858]
1800,[1082185  944137 5568729  979707 5568447]
1801,[1082185 5569230  979707 1068719  839656]
1802,[ 885290 1082185  854852  980823  861279]
1803,[1138292 1022254 1029743 1082185 1041796]
1804,[1029743  852856 1082185  948670  999104]
1805,[1082185  979707 1068719  845208 1081177]
1806,[1029743 1126899  865456 6602697 1051323]
1807,[1044078 1098248  916122 1029743 1098844]
1808,[ 1037840 12171656  1082185  1029743   986912]
1809,[1082185  979707 1068719 1029743  901062]
1810,[1029743 1098284 1082185  906844  878715]
1811,[1106523 1135258 1082185  979707 1068719]
1812,[1082185  979707  845208  829291 1068719]
1814,[1014948 1046756 1082185  979707 1029743]
1815,[6034857  899624 1026118  940947  999270]
1816,[1070820 8090521 1082185 1068719 1029743]
1817,[ 925862  872137  866211 1005274  908318]
1818,[1082185 1106523 5568378  979707 1044078]
1821,[1106523 5568378  979707  913210  940947]
1822,[ 1082185  6034857   979707 12946027  1131438]
1823,[1082185 1070820  916122 1098844 6602697]
1824,[1106523 1043787  862010 5569471 5563693]
1826,[1029743 1072523 1082185 1106523 1044078]
1829,[1029743 1082185 1022254 1098844  878996]
1831,[1082185 1098248 1081177 1104343  976199]
1832,[1082185 1131344  979707 1068719  845208]
1833,[1082185  838186  844179  947201 1106523]
1835,[1092303 1024306  933835 1029743  945662]
1836,[1057102 1082185 1126899  903800 1055504]
1837,[ 965842  979707  966684 1082185 5563693]
1838,[1082185 5569471  979707 1068719 5569230]
1839,[1106523 1082185 1029743 1004906  979707]
1841,[ 999858 1004906 1022254  872137 1082185]
1843,[1038985 1082185 1070820  979707 1068719]
1844,[1082185  916122  946995  965842  979707]
1845,[1127831 1126899  976199  916122  823775]
1846,[1082185  979707 1068719  845208 1029743]
1847,[1070820 5569230 1082185  830503 1029743]
1848,[1135834  908318  854852  894439  986912]
1849,[6534077 1082185 1029743 1044078  937292]
1850,[1082185 6034857  979707 1112238  908318]
1853,[1082185 1075368  979707 1068719  845208]
1854,[1062002 1127831  899624 1046756  919423]
1856,[ 986912 1070820 1082185 1029743 1126899]
1857,[1082185 1029743  979707 1068719  845208]
1858,[1082185  916122  837270 1057102 1062002]
1861,[1029743 1082185 5568378 1051516 1051211]
1862,[1082185 5569230  916122  979707 5569471]
1864,[1098844 5563693 1104343  965842 1098248]
1865,[1092303 1055425  833724  986912 1082185]
1867,[5569471 5569230 5569845  897954  916122]
1868,[ 846823 1082185  979707 1068719  845208]
1869,[1126899  940947 1004906  834117  913210]
1871,[1055425  854852 1082185  979707 1068719]
1872,[1082185  913210  979707 1068719 1055504]
1873,[5569230 1106523 1101010  844179 1044078]
1876,[1082185  979707 1068719  845208 1081177]
1877,[1082185 1029743  979707 1068719  845208]
1879,[ 933835 1132771 1101010 1082185  885290]
1880,[1081177 1082185 5568378  979707 1068719]
1881,[ 913210 1070845  901062  859154 1082185]
1882,[1082185  979707 1068719 1029743  845208]
1883,[8090521 1082185 5569230  899624  979707]
1884,[1082185 1029743  979707 1068719 1093413]
1885,[1082185  979707 1068719  845208 1081177]
1886,[1082185 1106523  979707 1068719  845208]
1887,[1126899 1082185 1070820  979707 1068719]
1889,[1082185 1029743  979707 1068719  845208]
1890,[1126899  916122 1072523 1082185  979707]
1891,[1082185  979707 1068719  845208 1081177]
1892,[ 899624 1021116 1093413 1044078  910673]
1895,[1082185 5569471  979707 1068719  845208]
1896,[1082185 1029743 1075368 1037840 1060408]
1898,[1082185  979707 1068719  845208 1081177]
1899,[1040807  957063  863885 1122358  879504]
1900,[6391381  971922 1070820 1132771 1087102]
1901,[1082185 1044078 1081177 1013928  899624]
1903,[1106523 1082185  979707 1068719  845208]
1904,[1123842 1082185  979707 1068719  845208]
1906,[  845208 12810422  1070845  1137775   913210]
1907,[1075368  848319 1029743  976199  872137]
1909,[1082185  979707  845208 1081177 6034857]
1911,[1070820 1082185 6533936  979707 1044078]
1912,[ 1029743  5585510 12384775 12302069  1070702]
1914,[ 894439  892573  862010 1043787 1082185]
1916,[ 885290 8273833 1127831 1050851 1082185]
1917,[1106523  896085  878996 1082185  883932]
1918,[1082185  906838 1014948 8090440 1029743]
1919,[1106523 1026118 1098284 1082185 1035676]
1920,[1019643 1082185  833724 1127831  979707]
1922,[1132771 1126899 1070845 1112238 1082185]
1923,[ 833724 6034857  854852  901062  965842]
1924,[1029743 5568378  983584 1082185 1106523]
1925,[ 837270 1024306 1029743  901062 1081177]
1926,[ 1068719  1082185 12262830   979707   986912]
1927,[1106523 1029743 5981074 5587656 1025611]
1928,[ 983584 1082185 1070820  979707  948086]
1929,[ 965766  910473 1128016  913210 1068292]
1930,[5568729 1051323  999198 1128016 1082185]
1931,[1106523 1082185  843464  945662  823704]
1932,[ 979707 1068719  845208 1029743 1082185]
1935,[1126899  999104 1048257 1082185  908318]
1936,[1029743  844179 1042942 1082185  971922]
1937,[1070820  999104  986912  833724 1112238]
1939,[ 926905  896085 5568378 1029743 7442008]
1940,[1026118 1082185  979707 1068719 6034857]
1941,[1106523 1082185  986912  999779  979707]
1942,[5569230  839656 5569471 1106523 1082185]
1943,[1029743 1122358 1106523 5569471  854405]
1944,[1070820  880427 1082185 1131488 1121384]
1945,[ 839419 1006878 1082185 1070820 1029743]
1946,[ 1070820  1082185 10344585   985999   897954]
1947,[ 1126899  5568378 10149640  1040807   919423]
1948,[ 916993 1082185 1126899  979707  976199]
1949,[1044078 1082185 1127831  845208  865456]
1950,[1106523  921504 1082185 1029743 1072523]
1951,[1082185  979707 1068719  845208 1081177]
1952,[1029743  834117 1082185  979707 1068719]
1953,[1082185  993638 1044078 1004906  979707]
1954,[1026118  899624 1068292  934639 1082185]
1955,[ 1082185  1004906 12810393  1042438  1106523]
1956,[1126899 1070820 8090536  910109 5591083]
1957,[1029743 8177622  944139 5568378 1082185]
1958,[ 857503 1082185  979707 1068719  899624]
1959,[1082185 1029743 1104343  979707 1068719]
1960,[9245106 9835903 1044078  880150  883003]
1961,[1106523  982790  893018 1082185 1126899]
1962,[ 913210 1056509  976199 6391381 1082185]
1963,[5569471  854405 1082185 1082990  916122]
1964,[1082185 1002771  910032 1135476 1022254]
1965,[1082185 5569230 1106523  893018 1087102]
1966,[1019643 1070820 1098248  944836  916122]
1967,[1029743 1082185 1106523  979707 1068719]
1968,[1029743 1122358 1119405 1082185 1106523]
1969,[1029743 1044078 5569845 1081177 1082185]
1970,[1082185 1044078  979707 1068719  845208]
1971,[1029743 1082185 1126899 1070820 1068719]
1975,[5574377  909714  883003 5569845  976199]
1976,[1082990 1082185 1106523 1042544  940947]
1978,[1082185 1029743 1126899  979707 1068719]
1979,[1029743 1106523 5569230 1082185  892531]
1981,[1126899 1038985 1122358 1082212 5585510]
1982,[1082185 1121384  901062  979707  916122]
1983,[ 866211  885290 1082185 1029743 5569230]
1985,[1106523 5569230 1004906 1098844 1082185]
1987,[1082185  979707 1068719  845208 1081177]
1988,[1106523 1051323 6034857 5569845  995896]
1989,[ 916122  880150 1082185  835098  999858]
1990,[1029743 1126899 1082185  856942 6034857]
1991,[1082185  979707  832678 1068719  845208]
1992,[1082185  979707 1068719  845208  916122]
1993,[ 986912 1082185 1044078  979707 1068719]
1994,[1082185 1126899  979707 1068719 1070820]
1995,[1029743 1106523 5569230  999104 9677236]
1996,[1126899 1082185 1029743 1070820 5569230]
1997,[  916122  1126899  1051468 10344585   976199]
1998,[1106523 5569230 5569471 1082185  965766]
1999,[1082185 1004906 1029743  979707 1044078]
2000,[1082185  979707  845208 1070702 1081177]
2001,[ 878996  883003 1126899 1138443  986912]
2003,[10344585  5569471  1082185   979707  1068719]
2004,[1055425  999104  890695  819978  880150]
2005,[ 986912 1082185 1068719  979707 1029743]
2006,[5569471  916122 9677236 1082185 5574377]
2007,[1106523 1092303 9677236  895295  845208]
2008,[1126899  885290 1102067 1082185 1106523]
2010,[ 880150 1082185 1044078  979707 1068719]
2011,[ 909268 1082185 1006184  979707  990797]
2012,[1106523 5569230 5568378  866211  899624]
2014,[1082185 1106523  979707 1068719  856252]
2015,[1029743 1082185  865528 1027168  940947]
2016,[1082185 1106523  979707 1068719  845208]
2017,[1098248 1126899 1070820  983584 6034857]
2018,[1082185 1081177 1122358  866211  880150]
2019,[1029743  899624 1081177  926905 1044078]
2020,[ 986912 1093413 1029743 1068719 1127758]
2021,[ 896862 1004906  883932  937292 1082185]
2022,[1082185 1029743  854852 1098844 1126899]
2023,[ 5569374  8090509   823721  5568489 10344585]
2025,[1082185 1029743  979707  892314 1068719]
2026,[  916122 12810393  1082185   979707  1068719]
2027,[1082185 1044078 1029743 5568378 1004906]
2028,[5568378 5569230  895295 8090509 1082185]
2029,[1082185 1029743  979707 1068719  845208]
2030,[5569471 1082185 1056509  899624 1137775]
2031,[1044078 1082185  979707 1068719  845208]
2032,[1082185 5569230  979707 1070820 1068719]
2033,[1082185 1029743  979707 1127758 1068719]
2034,[1126899 1098248  916122 1098844  924352]
2036,[1126899 1051468 1024306 1019643  901666]
2037,[1018007 1082185 1005274 1029743  979707]
2038,[1082185 1029743  979707  845208 1068719]
2039,[1082185 1106523 1029743 1051323 1021116]
2040,[1029743 1082185 1106523  979707  899624]
2041,[1074333  878715 1034176 1082185 5591170]
2042,[1098844 1126899 1082185 1029743 1026118]
2043,[ 998119 8291322  871756 1082185 5569230]
2046,[1082185 1029743 1070820  979707 1068719]
2047,[ 933835  949965  914577  844179 8090537]
2048,[ 1106523  9835509  1082185 12301073   916122]
2049,[ 976199 1082185  979707 5569327 1068719]
2050,[1082185 1000753  979707 1101010  919534]
2055,[5568378 1104343 1080853 1082185 1004906]
2056,[1029743 1106523 1082185  979707 1068719]
2057,[1070820 1082185  901062  979707 1068719]
2058,[1082990 1082185  995965  872137  986912]
2059,[5569230 1082185 1126899  979707 5569845]
2060,[ 986912 5569230 1082185  979707 1068719]
2062,[1082185 1014948 1029743 1056509  845208]
2063,[1022254 1082185 1087102  841220 1127831]
2064,[1081177 1029743  835098  854754  951412]
2065,[ 1029743  1068719 12810393   844179  8090521]
2068,[ 1070820  9245106 12811532 13506200 12731714]
2070,[899624 986912 916122 913210 865456]
2071,[ 899624  933835 1082185 1106523 1004906]
2072,[1082185  979707 1070820 1068719  845208]
2075,[ 899624 1044078 1123842  839419 1029743]
2076,[1106523 1098844  835098 1082185 1062128]
2077,[1106523 1004906 6391381 6463742  896613]
2079,[1106523 1026118 1059902 8090537 1029743]
2080,[ 845208  865528  863447  952972 1004906]
2081,[1082185 1106523  979707 1068719  845208]
2082,[ 916122 1082185  832678  909714  999250]
2083,[ 845208 1132771  844179 6534077 1004906]
2084,[5569230 1082185 6034857  878996 1098248]
2085,[1082185 1082990 1101010 1070820 1029743]
2086,[1029743 1081177 1082185 1004906  834117]
2087,[5569230 1029743 1082185  976199  845208]
2088,[1082185 1029743 5569327  965766 5568729]
2089,[1126899 1082185  979707 1068719  845208]
2090,[ 1082185  1072523   979707  1068719 12301100]
2091,[ 979707 1068719  845208 1081177 6034857]
2094,[1082185  916993  847573  859427 1070820]
2095,[ 986912 1068719  933835  933067  934639]
2099,[1029743 1082185 1024306  883932  979707]
2100,[1106523 1082185  895166  825343  979707]
2101,[1082185 1029743  979707 1068719  845208]
2102,[ 882604 1082185 5569230 1123022  940947]
2103,[1082185 1029743  979707 1068719  845208]
2105,[1082185  979707 1068719  845208 1081177]
2108,[6533936 1082185  899624 1106523  979707]
2109,[999270 893018 896862 937292 930666]
2110,[1082185 1029743 1098844 1106523 1005456]
2111,[1082185  979707 1126899  916122 1076056]
2112,[1029743 5585510 1098248 1126899  901062]
2114,[ 885290 1082185 1126899  907099 1056509]
2115,[1070820 5569845 1029743  916122 5569471]
2116,[1105917 1029743 1098844  986912 1070820]
2119,[1082185  899624  965766 1068719  866211]
2120,[1082185  979707 1068719  845208 1081177]
2121,[1026118 5585510 1082185 5568729 1081177]
2122,[1082185  979707 1068719  845208 1081177]
2123,[5569230 1029743  824180 1056509  899624]
2124,[1029743 1126899  944836  965766 8090537]
2125,[1029743  976199  882247 1068719  933067]
2126,[ 833724 1104343 6034857  854852 1082185]
2129,[ 1029743  5569230  5569471 12810393  1004906]
2130,[1082185 1068719  899624  872137 1101706]
2131,[ 986912  965766  999858 1128016 1029743]
2132,[ 990797 1082185  832678  979707 1068719]
2133,[ 1126899  1082185  1019247   866211 12810422]
2134,[1082185  865705 1098844  844179 1038985]
2135,[1082185  979707 1068719 1040807 1137775]
2136,[6602729 1024306  951412  901062  860248]
2137,[ 1029743 12302069   910673   968072  1082185]
2138,[8065410 1082185 1070820 1029743 5568378]
2139,[ 844179 1082185 1029743  979707 1132771]
2141,[1070820  933835  901062  971922 5569327]
2142,[ 1029743   913210   919423   947201 12302069]
2145,[1082185  979707 1068719  845208 1081177]
2146,[1082185 1029743  979707 1068719 1106523]
2147,[1106523  976199  921504 1005274  914577]
2148,[1101010  913210 1018740  896862 1082185]
2149,[1082185 1106523  849202  874972 5569230]
2151,[1082185  979707 1122358 1068719  845208]
2153,[1082185 1029743  979707 1068719 1004906]
2154,[1106523  901062 1082185  870547  838186]
2155,[1082185  979707 1068719  845208 5585510]
2156,[1029743 1122358  913210 1082185 8090537]
2158,[1082185  844179  907631 1068719  979707]
2159,[1051323 1004906 8090537 1082185 1106523]
2160,[12262978  1070702  1082185   916122   979707]
2161,[1126899 9296919  906838  944836 5569230]
2162,[ 896085 5569471  866355 1082185 1070272]
2163,[1082185 5569471  979707 1068719 8090532]
2167,[1082185 1106523 1004906 5569230  979707]
2168,[ 844179 8090521 5568378 1044078 7442008]
2169,[1082185 1126899  979707 1068719 1044078]
2170,[1013928 8090537 5569230 8090521  933835]
2171,[ 907099  883932 1013167 1082185  872137]
2172,[1029743 1082185  849202  906844  995965]
2173,[1106523  899624 1082185 1062002 1029743]
2174,[1082185  979707 1068719  845208 1106523]
2175,[ 823990 1082185 1119761  979707 1068719]
2176,[1082185 1106523  979707 1068719 5568378]
2179,[1106523  895166 1082185  999858  979707]
2181,[1009187 1082185  971922 5569230 5569471]
2182,[1082185 1029743  979707 1106523 1076056]
2183,[1082185 1029743 1098248  857503 5569374]
2184,[1082185 1075214 1029743 1106523 1068719]
2185,[1082185  878996  909714 1008547  835098]
2186,[1106523 1075368 1101010 5569230  844179]
2188,[1106523  819978 1101010 1082185  866211]
2189,[1082185 1062002  913210 5569230  983584]
2190,[1106523 5568378 5569471 1082185  866355]
2193,[5569845 1005274 1098844 1055504 1070820]
2194,[1081177  854852  866211 1062128 8090537]
2195,[1126899  940947 1000237 1082185  901062]
2196,[5569374 1082185 1029743  979707 1068719]
2197,[5569230 1082185  879504  979707 1068719]
2198,[ 892573  865026 1137775  910473 1013928]
2199,[1070820  916993  944836  901062 1101010]
2200,[ 919534  916122 1004906 1062002  844179]
2202,[1082185  979707 1068719  845208 6034857]
2203,[1082185  979707 1126899  845208 1029743]
2204,[1044078 1082185  916122  845208  899624]
2205,[1082185 1050851 1029743  979707 1068719]
2206,[1029743 1082185  979707 1068719  845208]
2207,[ 986912  916122 1043494 6034857 1081177]
2208,[1106523 1106271 5569230  865456 1006184]
2209,[1029743 1098844 1082185  885290  866211]
2211,[1060408 1126899  844179 1082185 1106523]
2212,[1082185  979707 1068719  845208 1081177]
2213,[1000237 1082185 1126899 1104343  979707]
2214,[1082185  979707 1068719  845208 1081177]
2215,[1128240 1075368 1004906 1082185 6034857]
2217,[1082185 1092588  995478 1029743 1070820]
2221,[1082185 1050851 1126899  979707 5569374]
2222,[5569230 1082185 1029743 1065538  979707]
2223,[1082185  979707 1068719 1029743  845208]
2224,[1082185  957063 1038985 1070820  979707]
2225,[1070820 1082185 1126899  979707  916122]
2226,[1082185  979707 1068719 1126899  986912]
2228,[1082185 1029743 1106523 1068719  979707]
2229,[ 880427 1034176 1055504 1070820 5592610]
2231,[1082185 1024306 1080853  944836 1009187]
2233,[1082185 1098844 1055425 1026118 1119405]
2234,[ 854754  854852 1104343  844179  878996]
2235,[12731436  1082185   865705   979707  1062128]
2237,[ 916122 6533936 1082185  976199  872137]
2238,[1029743  834117 1127758 5592610 1082185]
2239,[1082185 1029743  979707 1068719  965766]
2240,[1029743 1106523 5569230 5568378 5569845]
2241,[1029743 1122358 1082185  979707 1068719]
2243,[ 899624 1004906  901776 5570383  971922]
2244,[1029743 1068719 1106523 1044078  899624]
2245,[1098248 1044078  866211 1106523  832678]
2247,[1042544  866211  863447  844179  872137]
2248,[ 893018 1082185  979707 1068719  845208]
2250,[1082185  979707  948086 1022254  933067]
2252,[1082185 1029743 1106523 1098844  914318]
2253,[1082185 1029743  979707 1068719  845208]
2256,[1082185  979707 1068719  845208 1081177]
2257,[1106523 1104349 1068719  925862 1082185]
2258,[ 901666 1082185 1126899  979707  885290]
2259,[1082185  979707 1068719  845208 1081177]
2260,[1029743 1082185  993638 5569230  845208]
2261,[1106523  916122  983584 1037840  899624]
2262,[1019247 1122358  893018 1082185 1074754]
2263,[ 976199  986912 6602697 1044078 1009187]
2264,[1126899  976199  916122  995965 1022254]
2266,[ 845208 6602697 1024306  963868  993638]
2267,[ 913210 1126899 6514160 1082185 6034857]
2269,[5568729  916122 5569230  878996 6034857]
2270,[1044078 1035676 6534077 1138443 1082185]
2271,[1082185  979707 1068719  845208 1081177]
2272,[1040807  827656  908318 1029743 1082185]
2273,[ 880427 1082185 1029743  979707 1068719]
2274,[ 854852  913210 1004906  986912 9245106]
2275,[  916122   899624   907099  1044078 10149640]
2276,[1082185  979707 1068719  845208  983584]
2277,[1082185 1106523 1029743 1075368 1051323]
2278,[1082185  979707  901062 1068719  845208]
2279,[1082185 8090537 1068719  979707 6034857]
2280,[1082990 1070820 5569230 5569471  940947]
2281,[1126899 1019643 6534077 6602697 1080853]
2282,[1082185 1070820  833724  979707 1098844]
2283,[1082185 1070820 1126899  979707 1068719]
2284,[ 979707  916122 1046756 1051468  951412]
2285,[1000237 6534030  857503 1082185 5569471]
2287,[1082212 1027168 1024306  971922 1082185]
2288,[ 825365 1082185 1070820 1044078  979707]
2289,[ 1029743   913210 10344585   933835   914318]
2290,[ 827656 1082185 1029743  883003  979707]
2291,[ 986912 1082185  979707 1068719  845208]
2292,[ 865456 1082185 1068719  979707 1029743]
2293,[1126899  979707 1082185 1068719 1070820]
2294,[1082185 1029743 5592610  957063 5587656]
2295,[1106523  899624 1004906 1068719 9835903]
2296,[1029743  856252  913210 1068719 1098844]
2297,[1127758 1082185 1106523  979707 1068719]
2298,[1106523 1029743  844179  856252 1082185]
2299,[6602697  916122 1082185  878996 1062002]
2300,[ 1029743 10344585   999104   965766  1082185]
2301,[1029743 1082185 5569230 1004906  979707]
2302,[1029743  916993 1082185  823704 1004906]
2303,[1082185 1029743 1106523 5569230 1041796]
2305,[1029743  983584 1056509 1006184  878996]
2307,[1098844  883003  995965 1138443 1112238]
2308,[1082185  979707 1068719  845208 1081177]
2310,[1082185  845208 5568378 1068719 6034857]
2312,[1082185 1070820 1022254 6034857  916122]
2314,[1126899 1082185 1131488 1048257 1138443]
2315,[1082185  979707 1068719  845208 1081177]
2317,[1082185  916122 1029743  933835  819978]
2319,[1082185 1029743  979707 1044078 1068719]
2322,[1082185 1127831  963868 1135476 1026118]
2323,[1082185  979707 1068719  845208 1081177]
2324,[1029743 1082185 1104343 1006878  981086]
2325,[1082185  979707 1068719  845208 1081177]
2328,[1082990 1127831 1106523  916122 5568378]
2330,[8090536 1101010  860248 1029743 1056509]
2331,[1029743  856252  844179 1044078  890695]
2333,[1082185  979707 1068719  845208 6533936]
2334,[1029743  892573 8293447 1102416  979707]
2335,[  899624  1019247 12302069   866211  1082185]
2336,[5569230 1082185 1126899 1122358 1029743]
2337,[1082185 1081177 1067695  878996  845208]
2338,[1082990 1106523  890695 1101706 1082185]
2339,[1082185 1106523  979707 1083787 1068719]
2340,[8090521  871061 1082185 1106523 1026118]
2341,[ 1082185  1081177  1098284 12301100  1106523]
2342,[1029743 5569230  990797 1082185  916122]
2343,[ 883003  916122  844179 1087102 1029743]
2344,[1106523 8090537 1082185 6534035 5569230]
2345,[1029743 5569230  844179  916122 1004436]
2347,[1029743 8090521 5569230 1056509 1065538]
2349,[ 979707 1082185 1068719  845208 1029743]
2350,[1082185  899624  979707 1101010 1068719]
2351,[1029743  976199  845208  899624  916122]
2352,[1082185  979707 5569230 1068719 5569471]
2354,[1126899  913210  944836  916122 1112238]
2359,[1106523 1044078 1103105 1082185  960732]
2360,[1029743  909714  916122 1082185  933067]
2361,[ 1126899 12811532  1004906   902172 12810393]
2363,[6602697  944137 1070820 1082185 1042544]
2364,[1082185  979707  845208 5569327 5568378]
2366,[ 948670 1044078 1004906  913210  849202]
2368,[1082185 1029743 1126899  979707  916122]
2369,[1082185  979707 1068719 1029743  845208]
2370,[1070820  865456 1098248  916122  825365]
2372,[1038985  982469 1082185 1029743 1037840]
2373,[1082185  979707 1068719  845208 1081177]
2374,[1070820 1082185  901062 1019643 6533608]
2375,[ 899624 5585510 8065410 1106523  989069]
2376,[1029743  845208  844179  834117 1082185]
2377,[ 866211 1082185 1004906  979707 1068719]
2378,[1029743  916122 1022254  854852  934399]
2379,[ 854405  946839  931255 5569327 7139529]
2380,[1029743 1122358 1060408 1082185  948670]
2381,[1044078  890695  916122 1093413 1131344]
2385,[1082185 1106523 1029743 1044078  979707]
2386,[1029743 1050851 1009187 1082185 5568378]
2387,[ 940947 1126899  848029 1082185  979707]
2388,[1106523 1029743 1082185  890695  979707]
2389,[ 1029743   937292   930666 12946027  1082185]
2392,[1068719 5568378  965766  895166 1004906]
2393,[ 907099  976199 1082185  863447  913210]
2394,[1082185  979707 1068719  845208 1081177]
2395,[ 1029743  5569230   949294 12301100  1082185]
2397,[ 883932 1082185  957951 1081177  890695]
2399,[1082185  979707 1068719  845208 1106523]
2400,[1014948 1082185  838186  916122 1106523]
2401,[1106523  848029  825343  845208 1081177]
2404,[1082185  979707 1068719  845208 1081177]
2405,[6602697 1029743 5568378  972143 1043494]
2406,[1082185 1126899  949294 1006184  910109]
2407,[1029743  976199  865456 1044078  937292]
2408,[ 908318 1029743  946995 1138443 9527159]
2410,[ 1106523  1070820  1037840  5569471 12731436]
2412,[1106523 1044078  899624  844179  916122]
2416,[ 1126899  1098844 12810391  1099089  1082185]
2418,[1029743 1044078 1004906 1082185  844179]
2420,[ 1029743  1106523  1068719 12731714   880150]
2421,[ 878996  999104 1082185  866211 1138443]
2424,[1029743 6034857  916993 1082185  913210]
2425,[1029743 1133254 1082185 1070820 5569230]
2426,[1029743 1058404 1060408 1044078 1082185]
2427,[856252 916122 980823 972665 866211]
2429,[1106523 1029743 1082185 5569230 1044078]
2431,[1004906 1082185 1106523  979707 1068719]
2434,[1131344 1068292 1082185 1106523 1029743]
2435,[ 899624 1029743 1081177  866211  878996]
2437,[1082185  901062  862010 1004906  885290]
2438,[ 892531  951412  849202 1082185  979707]
2439,[1082185  979707 1068719 1106523  845208]
2440,[ 972143  930666 1068292  874972 5585510]
2441,[1029743 1082185  883068  979707 1024306]
2442,[1082185 5569230  979707 1068719  845208]
2445,[ 933835  844179  969568 1029743 1082185]
2446,[1082185  963868  961979 1115175  979707]
2447,[ 908318  944137 1135476 1062002  963835]
2448,[1106523 6034857  993638 7168026  835098]
2449,[1029743 1098844  979707 5569230 1013167]
2450,[ 976199 1135476 1082185 1070820  979707]
2451,[1029743  948670 1022254  949965 1092588]
2452,[1127758 5568378 1130458 1081177 1074333]
2453,[ 976199 1070820 1082185 1106271 6034857]
2455,[1029743 5569471  933835 1082185  838186]
2456,[1082185 1126899  916122  979707 1068719]
2457,[1106523  878996 1082185  916122  979707]
2458,[ 965842  885290  901062 1041796 1013167]
2459,[1029743 1082185  899624 1004906 1050851]
2460,[1082185 5569230 1068719  845208  878715]
2461,[1098844  854405 1022254 6514160 1082185]
2462,[6034857 1029743  916122  979707 1070845]
2464,[1082185  979707 1068719  845208 1081177]
2465,[1082185  986912 1068719  845208 1022254]
2466,[1029743 1082185 1068719  979707  845208]
2467,[1126899  909714 1083446 1055425  878996]
2470,[1082185  979707 1068719  845208 1081177]
2471,[1082185  979707 1068719 1029743  845208]
2472,[1029743 1068292  930118 1082185 1122358]
2475,[1070820 5569471 1108094  971922 1121384]
2477,[ 916122 1098844 1082185 1126899  845208]
2478,[ 965766  872137 1082185  979707 1004906]
2479,[ 916122 1106523 1127831  845208 1135476]
2481,[1029743  823775 1056509 1126899 8090537]
2482,[1106523 1029743 5569230  979707 1068719]
2483,[6533936 1070820 1082185  979707 1029743]
2484,[1029743  899624  913210  878715 1127758]
2485,[1083446 1082185 5569230  979707 1068719]
2486,[8090521 5569230  916122 1029743 1106523]
2488,[ 972665 1070820  913210  933835  919534]
2489,[1082185 5568729 1068719 1051211 1029743]
2492,[1106523  944139  914577  937292  866755]
2494,[1082185  969568  906838  979707 1070820]
2496,[5569230  916122  933835 1106523  979707]
2497,[1135834 8177622 1024306 1081177 1070820]
2498,[1070820 1082185  901776 1126899 1068719]
2499,[5568378 5569327 1070820  999198  899624]
2500,[1019643 1056509  823721 1126899 1082185]
